"Year","Quarter","Month","DayofMonth","DayOfWeek","FlightDate","Reporting_Airline","Flight_Number_Reporting_Airline","Origin","OriginCityName","Dest","DestCityName","CRSDepTime","DepTime","DepDelay","DepDel15","CRSArrTime","ArrTime","ArrDelay","Cancelled","CancellationCode","Diverted","CarrierDelay","WeatherDelay","NASDelay","SecurityDelay","LateAircraftDelay",
2026,3,7,14,2,2026-07-14,"XX",100,"MSP","Minneapolis, MN","ORD","Chicago, IL","0600","0600",-3.00,0.00,"2359","2359",-6.00,0.00,,0.00,,,,,,
2026,3,7,14,2,2026-07-14,"XX",101,"MSP","Minneapolis, MN","ORD","Chicago, IL","0607","0607",-3.00,0.00,"2359","2359",-6.00,0.00,,0.00,,,,,,
2026,3,7,14,2,2026-07-14,"XX",102,"MSP","Minneapolis, MN","ORD","Chicago, IL","0614","0614",-3.00,0.00,"2359","2359",-6.00,0.00,,0.00,,,,,,
2026,3,7,14,2,2026-07-14,"XX",103,"MSP","Minneapolis, MN","ORD","Chicago, IL","0621","0621",-3.00,0.00,"2359","2359",-6.00,0.00,,0.00,,,,,,
2026,3,7,14,2,2026-07-14,"XX",104,"MSP","Minneapolis, MN","ORD","Chicago, IL","0628","0628",-3.00,0.00,"2359","2359",-6.00,0.00,,0.00,,,,,,
2026,3,7,14,2,2026-07-14,"XX",105,"MSP","Minneapolis, MN","ORD","Chicago, IL","0635","0635",-3.00,0.00,"2359","2359",-6.00,0.00,,0.00,,,,,,
2026,3,7,14,2,2026-07-14,"XX",106,"MSP","Minneapolis, MN","ORD","Chicago, IL","0642","0642",-3.00,0.00,"2359","2359",-6.00,0.00,,0.00,,,,,,
2026,3,7,14,2,2026-07-14,"XX",107,"MSP","Minneapolis, MN","ORD","Chicago, IL","0649","0649",22.00,1.00,"2359","2359",18.00,0.00,,0.00,18.00,0.00,0.00,0.00,0.00,
2026,3,7,14,2,2026-07-14,"XX",108,"MSP","Minneapolis, MN","ORD","Chicago, IL","0700","0700",-3.00,0.00,"2359","2359",-6.00,0.00,,0.00,,,,,,
2026,3,7,14,2,2026-07-14,"XX",109,"MSP","Minneapolis, MN","ORD","Chicago, IL","0707","0707",-3.00,0.00,"2359","2359",-6.00,0.00,,0.00,,,,,,
2026,3,7,14,2,2026-07-14,"XX",110,"MSP","Minneapolis, MN","ORD","Chicago, IL","0714","0714",-3.00,0.00,"2359","2359",-6.00,0.00,,0.00,,,,,,
2026,3,7,14,2,2026-07-14,"XX",111,"MSP","Minneapolis, MN","ORD","Chicago, IL","0721","0721",-3.00,0.00,"2359","2359",-6.00,0.00,,0.00,,,,,,
2026,3,7,14,2,2026-07-14,"XX",112,"MSP","Minneapolis, MN","ORD","Chicago, IL","0728","0728",-3.00,0.00,"2359","2359",-6.00,0.00,,0.00,,,,,,
2026,3,7,14,2,2026-07-14,"XX",113,"MSP","Minneapolis, MN","ORD","Chicago, IL","0735","0735",-3.00,0.00,"2359","2359",-6.00,0.00,,0.00,,,,,,
2026,3,7,14,2,2026-07-14,"XX",114,"MSP","Minneapolis, MN","ORD","Chicago, IL","0742","0742",-3.00,0.00,"2359","2359",-6.00,0.00,,0.00,,,,,,
2026,3,7,14,2,2026-07-14,"XX",115,"MSP","Minneapolis, MN","ORD","Chicago, IL","0749","0749",-3.00,0.00,"2359","2359",-6.00,0.00,,0.00,,,,,,
2026,3,7,14,2,2026-07-14,"XX",116,"MSP","Minneapolis, MN","ORD","Chicago, IL","0800","0800",-3.00,0.00,"2359","2359",-6.00,0.00,,0.00,,,,,,
2026,3,7,14,2,2026-07-14,"XX",117,"MSP","Minneapolis, MN","ORD","Chicago, IL","0807","0807",-3.00,0.00,"2359","2359",-6.00,0.00,,0.00,,,,,,
2026,3,7,14,2,2026-07-14,"XX",118,"MSP","Minneapolis, MN","ORD","Chicago, IL","0814","0814",-3.00,0.00,"2359","2359",-6.00,0.00,,0.00,,,,,,
2026,3,7,14,2,2026-07-14,"XX",119,"MSP","Minneapolis, MN","ORD","Chicago, IL","0821","0821",-3.00,0.00,"2359","2359",-6.00,0.00,,0.00,,,,,,
2026,3,7,14,2,2026-07-14,"XX",120,"MSP","Minneapolis, MN","ORD","Chicago, IL","0828","0828",-3.00,0.00,"2359","2359",-6.00,0.00,,0.00,,,,,,
2026,3,7,14,2,2026-07-14,"XX",121,"MSP","Minneapolis, MN","ORD","Chicago, IL","0835","0835",-3.00,0.00,"2359","2359",-6.00,0.00,,0.00,,,,,,
2026,3,7,14,2,2026-07-14,"XX",122,"MSP","Minneapolis, MN","ORD","Chicago, IL","0842","0842",-3.00,0.00,"2359","2359",-6.00,0.00,,0.00,,,,,,
2026,3,7,14,2,2026-07-14,"XX",123,"MSP","Minneapolis, MN","ORD","Chicago, IL","0849","0849",-3.00,0.00,"2359","2359",-6.00,0.00,,0.00,,,,,,
2026,3,7,14,2,2026-07-14,"XX",124,"MSP","Minneapolis, MN","ORD","Chicago, IL","0900","0900",-3.00,0.00,"2359","2359",-6.00,0.00,,0.00,,,,,,
2026,3,7,14,2,2026-07-14,"XX",125,"MSP","Minneapolis, MN","ORD","Chicago, IL","0907","0907",-3.00,0.00,"2359","2359",-6.00,0.00,,0.00,,,,,,
2026,3,7,14,2,2026-07-14,"XX",126,"MSP","Minneapolis, MN","ORD","Chicago, IL","0914","0914",-3.00,0.00,"2359","2359",-6.00,0.00,,0.00,,,,,,
2026,3,7,14,2,2026-07-14,"XX",127,"MSP","Minneapolis, MN","ORD","Chicago, IL","0921","0921",-3.00,0.00,"2359","2359",-6.00,0.00,,0.00,,,,,,
2026,3,7,14,2,2026-07-14,"XX",128,"MSP","Minneapolis, MN","ORD","Chicago, IL","0928","0928",-3.00,0.00,"2359","2359",-6.00,0.00,,0.00,,,,,,
2026,3,7,14,2,2026-07-14,"XX",129,"MSP","Minneapolis, MN","ORD","Chicago, IL","0935","0935",-3.00,0.00,"2359","2359",-6.00,0.00,,0.00,,,,,,
2026,3,7,14,2,2026-07-14,"XX",130,"MSP","Minneapolis, MN","ORD","Chicago, IL","0942","0942",-3.00,0.00,"2359","2359",-6.00,0.00,,0.00,,,,,,
2026,3,7,14,2,2026-07-14,"XX",131,"MSP","Minneapolis, MN","ORD","Chicago, IL","0949","0949",22.00,1.00,"2359","2359",18.00,0.00,,0.00,18.00,0.00,0.00,0.00,0.00,
2026,3,7,14,2,2026-07-14,"XX",132,"MSP","Minneapolis, MN","ORD","Chicago, IL","1000","1000",-3.00,0.00,"2359","2359",-6.00,0.00,,0.00,,,,,,
2026,3,7,14,2,2026-07-14,"XX",133,"MSP","Minneapolis, MN","ORD","Chicago, IL","1007","1007",-3.00,0.00,"2359","2359",-6.00,0.00,,0.00,,,,,,
2026,3,7,14,2,2026-07-14,"XX",134,"MSP","Minneapolis, MN","ORD","Chicago, IL","1014","1014",-3.00,0.00,"2359","2359",-6.00,0.00,,0.00,,,,,,
2026,3,7,14,2,2026-07-14,"XX",135,"MSP","Minneapolis, MN","ORD","Chicago, IL","1021","1021",-3.00,0.00,"2359","2359",-6.00,0.00,,0.00,,,,,,
2026,3,7,14,2,2026-07-14,"XX",136,"MSP","Minneapolis, MN","ORD","Chicago, IL","1028","1028",-3.00,0.00,"2359","2359",-6.00,0.00,,0.00,,,,,,
2026,3,7,14,2,2026-07-14,"XX",137,"MSP","Minneapolis, MN","ORD","Chicago, IL","1035","1035",-3.00,0.00,"2359","2359",-6.00,0.00,,0.00,,,,,,
2026,3,7,14,2,2026-07-14,"XX",138,"MSP","Minneapolis, MN","ORD","Chicago, IL","1042","1042",-3.00,0.00,"2359","2359",-6.00,0.00,,0.00,,,,,,
2026,3,7,14,2,2026-07-14,"XX",139,"MSP","Minneapolis, MN","ORD","Chicago, IL","1049","1049",-3.00,0.00,"2359","2359",-6.00,0.00,,0.00,,,,,,
2026,3,7,14,2,2026-07-14,"XX",140,"MSP","Minneapolis, MN","ORD","Chicago, IL","1100","1100",-3.00,0.00,"2359","2359",-6.00,0.00,,0.00,,,,,,
2026,3,7,14,2,2026-07-14,"XX",141,"MSP","Minneapolis, MN","ORD","Chicago, IL","1107","1107",-3.00,0.00,"2359","2359",-6.00,0.00,,0.00,,,,,,
2026,3,7,14,2,2026-07-14,"XX",142,"MSP","Minneapolis, MN","ORD","Chicago, IL","1114","1114",-3.00,0.00,"2359","2359",-6.00,0.00,,0.00,,,,,,
2026,3,7,14,2,2026-07-14,"XX",143,"MSP","Minneapolis, MN","ORD","Chicago, IL","1121","1121",-3.00,0.00,"2359","2359",-6.00,0.00,,0.00,,,,,,
2026,3,7,14,2,2026-07-14,"XX",144,"MSP","Minneapolis, MN","ORD","Chicago, IL","1128","1128",-3.00,0.00,"2359","2359",-6.00,0.00,,0.00,,,,,,
2026,3,7,14,2,2026-07-14,"XX",145,"MSP","Minneapolis, MN","ORD","Chicago, IL","1135","1135",-3.00,0.00,"2359","2359",-6.00,0.00,,0.00,,,,,,
2026,3,7,14,2,2026-07-14,"XX",146,"MSP","Minneapolis, MN","ORD","Chicago, IL","1142","1142",-3.00,0.00,"2359","2359",-6.00,0.00,,0.00,,,,,,
2026,3,7,14,2,2026-07-14,"XX",147,"MSP","Minneapolis, MN","ORD","Chicago, IL","1149","1149",-3.00,0.00,"2359","2359",-6.00,0.00,,0.00,,,,,,
2026,3,7,14,2,2026-07-14,"XX",148,"MSP","Minneapolis, MN","ORD","Chicago, IL","1200","1200",-3.00,0.00,"2359","2359",-6.00,0.00,,0.00,,,,,,
2026,3,7,14,2,2026-07-14,"XX",149,"MSP","Minneapolis, MN","ORD","Chicago, IL","1207","1207",-3.00,0.00,"2359","2359",-6.00,0.00,,0.00,,,,,,
2026,3,7,14,2,2026-07-14,"XX",150,"MSP","Minneapolis, MN","ORD","Chicago, IL","1214","1214",-3.00,0.00,"2359","2359",-6.00,0.00,,0.00,,,,,,
2026,3,7,14,2,2026-07-14,"XX",151,"MSP","Minneapolis, MN","ORD","Chicago, IL","1221","1221",-3.00,0.00,"2359","2359",-6.00,0.00,,0.00,,,,,,
2026,3,7,14,2,2026-07-14,"XX",152,"MSP","Minneapolis, MN","ORD","Chicago, IL","1228","1228",-3.00,0.00,"2359","2359",-6.00,0.00,,0.00,,,,,,
2026,3,7,14,2,2026-07-14,"XX",153,"MSP","Minneapolis, MN","ORD","Chicago, IL","1235","1235",-3.00,0.00,"2359","2359",-6.00,0.00,,0.00,,,,,,
2026,3,7,14,2,2026-07-14,"XX",154,"MSP","Minneapolis, MN","ORD","Chicago, IL","1242","1242",-3.00,0.00,"2359","2359",-6.00,0.00,,0.00,,,,,,
2026,3,7,14,2,2026-07-14,"XX",155,"MSP","Minneapolis, MN","ORD","Chicago, IL","1249","1249",22.00,1.00,"2359","2359",18.00,0.00,,0.00,18.00,0.00,0.00,0.00,0.00,
2026,3,7,14,2,2026-07-14,"XX",156,"MSP","Minneapolis, MN","ORD","Chicago, IL","1300","1300",-3.00,0.00,"2359","2359",-6.00,0.00,,0.00,,,,,,
2026,3,7,14,2,2026-07-14,"XX",157,"MSP","Minneapolis, MN","ORD","Chicago, IL","1307","1307",-3.00,0.00,"2359","2359",-6.00,0.00,,0.00,,,,,,
2026,3,7,14,2,2026-07-14,"XX",158,"MSP","Minneapolis, MN","ORD","Chicago, IL","1314","1314",-3.00,0.00,"2359","2359",-6.00,0.00,,0.00,,,,,,
2026,3,7,14,2,2026-07-14,"XX",159,"MSP","Minneapolis, MN","ORD","Chicago, IL","1321","1321",-3.00,0.00,"2359","2359",-6.00,0.00,,0.00,,,,,,
2026,3,7,14,2,2026-07-14,"XX",160,"MSP","Minneapolis, MN","ORD","Chicago, IL","1328","1328",-3.00,0.00,"2359","2359",-6.00,0.00,,0.00,,,,,,
2026,3,7,14,2,2026-07-14,"XX",161,"MSP","Minneapolis, MN","ORD","Chicago, IL","1335","1335",-3.00,0.00,"2359","2359",-6.00,0.00,,0.00,,,,,,
2026,3,7,14,2,2026-07-14,"XX",162,"MSP","Minneapolis, MN","ORD","Chicago, IL","1342","1342",-3.00,0.00,"2359","2359",-6.00,0.00,,0.00,,,,,,
2026,3,7,14,2,2026-07-14,"XX",163,"MSP","Minneapolis, MN","ORD","Chicago, IL","1349","1349",-3.00,0.00,"2359","2359",-6.00,0.00,,0.00,,,,,,
2026,3,7,14,2,2026-07-14,"XX",164,"MSP","Minneapolis, MN","ORD","Chicago, IL","1400","1400",-3.00,0.00,"2359","2359",-6.00,0.00,,0.00,,,,,,
2026,3,7,14,2,2026-07-14,"XX",165,"MSP","Minneapolis, MN","ORD","Chicago, IL","1407","1407",-3.00,0.00,"2359","2359",-6.00,0.00,,0.00,,,,,,
2026,3,7,14,2,2026-07-14,"XX",166,"MSP","Minneapolis, MN","ORD","Chicago, IL","1414","1414",-3.00,0.00,"2359","2359",-6.00,0.00,,0.00,,,,,,
2026,3,7,14,2,2026-07-14,"XX",167,"MSP","Minneapolis, MN","ORD","Chicago, IL","1421","1421",-3.00,0.00,"2359","2359",-6.00,0.00,,0.00,,,,,,
2026,3,7,14,2,2026-07-14,"XX",168,"MSP","Minneapolis, MN","ORD","Chicago, IL","1428","1428",-3.00,0.00,"2359","2359",-6.00,0.00,,0.00,,,,,,
2026,3,7,14,2,2026-07-14,"XX",169,"MSP","Minneapolis, MN","ORD","Chicago, IL","1435","1435",-3.00,0.00,"2359","2359",-6.00,0.00,,0.00,,,,,,
2026,3,7,14,2,2026-07-14,"XX",170,"MSP","Minneapolis, MN","ORD","Chicago, IL","1442","1442",-3.00,0.00,"2359","2359",-6.00,0.00,,0.00,,,,,,
2026,3,7,14,2,2026-07-14,"XX",171,"MSP","Minneapolis, MN","ORD","Chicago, IL","1449","1449",-3.00,0.00,"2359","2359",-6.00,0.00,,0.00,,,,,,
2026,3,7,14,2,2026-07-14,"XX",172,"MSP","Minneapolis, MN","ORD","Chicago, IL","1500","1500",48.00,1.00,"2359","2359",41.00,0.00,,0.00,0.00,30.00,11.00,0.00,0.00,
2026,3,7,14,2,2026-07-14,"XX",173,"MSP","Minneapolis, MN","ORD","Chicago, IL","1507","1507",48.00,1.00,"2359","2359",41.00,0.00,,0.00,0.00,30.00,11.00,0.00,0.00,
2026,3,7,14,2,2026-07-14,"XX",174,"MSP","Minneapolis, MN","ORD","Chicago, IL","1514","1514",48.00,1.00,"2359","2359",41.00,0.00,,0.00,0.00,30.00,11.00,0.00,0.00,
2026,3,7,14,2,2026-07-14,"XX",175,"MSP","Minneapolis, MN","ORD","Chicago, IL","1521","1521",48.00,1.00,"2359","2359",41.00,0.00,,0.00,0.00,30.00,11.00,0.00,0.00,
2026,3,7,14,2,2026-07-14,"XX",176,"MSP","Minneapolis, MN","ORD","Chicago, IL","1528","1528",-3.00,0.00,"2359","2359",-6.00,0.00,,0.00,,,,,,
2026,3,7,14,2,2026-07-14,"XX",177,"MSP","Minneapolis, MN","ORD","Chicago, IL","1535","1535",-3.00,0.00,"2359","2359",-6.00,0.00,,0.00,,,,,,
2026,3,7,14,2,2026-07-14,"XX",178,"MSP","Minneapolis, MN","ORD","Chicago, IL","1542","1542",-3.00,0.00,"2359","2359",-6.00,0.00,,0.00,,,,,,
2026,3,7,14,2,2026-07-14,"XX",179,"MSP","Minneapolis, MN","ORD","Chicago, IL","1549","1549",22.00,1.00,"2359","2359",18.00,0.00,,0.00,18.00,0.00,0.00,0.00,0.00,
2026,3,7,14,2,2026-07-14,"XX",180,"MSP","Minneapolis, MN","ORD","Chicago, IL","1600","1600",48.00,1.00,"2359","2359",41.00,0.00,,0.00,0.00,30.00,11.00,0.00,0.00,
2026,3,7,14,2,2026-07-14,"XX",181,"MSP","Minneapolis, MN","ORD","Chicago, IL","1607","1607",48.00,1.00,"2359","2359",41.00,0.00,,0.00,0.00,30.00,11.00,0.00,0.00,
2026,3,7,14,2,2026-07-14,"XX",182,"MSP","Minneapolis, MN","ORD","Chicago, IL","1614","1614",48.00,1.00,"2359","2359",41.00,0.00,,0.00,0.00,30.00,11.00,0.00,0.00,
2026,3,7,14,2,2026-07-14,"XX",183,"MSP","Minneapolis, MN","ORD","Chicago, IL","1621","1621",48.00,1.00,"2359","2359",41.00,0.00,,0.00,0.00,30.00,11.00,0.00,0.00,
2026,3,7,14,2,2026-07-14,"XX",184,"MSP","Minneapolis, MN","ORD","Chicago, IL","1628","1628",-3.00,0.00,"2359","2359",-6.00,0.00,,0.00,,,,,,
2026,3,7,14,2,2026-07-14,"XX",185,"MSP","Minneapolis, MN","ORD","Chicago, IL","1635","1635",-3.00,0.00,"2359","2359",-6.00,0.00,,0.00,,,,,,
2026,3,7,14,2,2026-07-14,"XX",186,"MSP","Minneapolis, MN","ORD","Chicago, IL","1642","1642",-3.00,0.00,"2359","2359",-6.00,0.00,,0.00,,,,,,
2026,3,7,14,2,2026-07-14,"XX",187,"MSP","Minneapolis, MN","ORD","Chicago, IL","1649","1649",-3.00,0.00,"2359","2359",-6.00,0.00,,0.00,,,,,,
2026,3,7,14,2,2026-07-14,"XX",188,"MSP","Minneapolis, MN","ORD","Chicago, IL","1700","1700",48.00,1.00,"2359","2359",41.00,0.00,,0.00,0.00,30.00,11.00,0.00,0.00,
2026,3,7,14,2,2026-07-14,"XX",189,"MSP","Minneapolis, MN","ORD","Chicago, IL","1707","1707",48.00,1.00,"2359","2359",41.00,0.00,,0.00,0.00,30.00,11.00,0.00,0.00,
2026,3,7,14,2,2026-07-14,"XX",190,"MSP","Minneapolis, MN","ORD","Chicago, IL","1714","1714",48.00,1.00,"2359","2359",41.00,0.00,,0.00,0.00,30.00,11.00,0.00,0.00,
2026,3,7,14,2,2026-07-14,"XX",191,"MSP","Minneapolis, MN","ORD","Chicago, IL","1721","1721",48.00,1.00,"2359","2359",41.00,0.00,,0.00,0.00,30.00,11.00,0.00,0.00,
2026,3,7,14,2,2026-07-14,"XX",192,"MSP","Minneapolis, MN","ORD","Chicago, IL","1728","1728",-3.00,0.00,"2359","2359",-6.00,0.00,,0.00,,,,,,
2026,3,7,14,2,2026-07-14,"XX",193,"MSP","Minneapolis, MN","ORD","Chicago, IL","1735","1735",-3.00,0.00,"2359","2359",-6.00,0.00,,0.00,,,,,,
2026,3,7,14,2,2026-07-14,"XX",194,"MSP","Minneapolis, MN","ORD","Chicago, IL","1742","1742",-3.00,0.00,"2359","2359",-6.00,0.00,,0.00,,,,,,
2026,3,7,14,2,2026-07-14,"XX",195,"MSP","Minneapolis, MN","ORD","Chicago, IL","1749","1749",-3.00,0.00,"2359","2359",-6.00,0.00,,0.00,,,,,,
2026,3,7,14,2,2026-07-14,"XX",196,"MSP","Minneapolis, MN","ORD","Chicago, IL","1800","1800",48.00,1.00,"2359","2359",41.00,0.00,,0.00,0.00,30.00,11.00,0.00,0.00,
2026,3,7,14,2,2026-07-14,"XX",197,"MSP","Minneapolis, MN","ORD","Chicago, IL","1807","1807",48.00,1.00,"2359","2359",41.00,0.00,,0.00,0.00,30.00,11.00,0.00,0.00,
2026,3,7,14,2,2026-07-14,"XX",198,"MSP","Minneapolis, MN","ORD","Chicago, IL","1814","1814",48.00,1.00,"2359","2359",41.00,0.00,,0.00,0.00,30.00,11.00,0.00,0.00,
2026,3,7,14,2,2026-07-14,"XX",199,"MSP","Minneapolis, MN","ORD","Chicago, IL","1821","1821",48.00,1.00,"2359","2359",41.00,0.00,,0.00,0.00,30.00,11.00,0.00,0.00,
2026,3,7,14,2,2026-07-14,"XX",200,"MSP","Minneapolis, MN","ORD","Chicago, IL","1828","1828",-3.00,0.00,"2359","2359",-6.00,0.00,,0.00,,,,,,
2026,3,7,14,2,2026-07-14,"XX",201,"MSP","Minneapolis, MN","ORD","Chicago, IL","1835","1835",-3.00,0.00,"2359","2359",-6.00,0.00,,0.00,,,,,,
2026,3,7,14,2,2026-07-14,"XX",202,"MSP","Minneapolis, MN","ORD","Chicago, IL","1842","1842",-3.00,0.00,"2359","2359",-6.00,0.00,,0.00,,,,,,
2026,3,7,14,2,2026-07-14,"XX",203,"MSP","Minneapolis, MN","ORD","Chicago, IL","1849","1849",22.00,1.00,"2359","2359",18.00,0.00,,0.00,18.00,0.00,0.00,0.00,0.00,
2026,3,7,14,2,2026-07-14,"XX",204,"MSP","Minneapolis, MN","ORD","Chicago, IL","1900","1900",-3.00,0.00,"2359","2359",-6.00,0.00,,0.00,,,,,,
2026,3,7,14,2,2026-07-14,"XX",205,"MSP","Minneapolis, MN","ORD","Chicago, IL","1907","1907",-3.00,0.00,"2359","2359",-6.00,0.00,,0.00,,,,,,
2026,3,7,14,2,2026-07-14,"XX",206,"MSP","Minneapolis, MN","ORD","Chicago, IL","1914","1914",-3.00,0.00,"2359","2359",-6.00,0.00,,0.00,,,,,,
2026,3,7,14,2,2026-07-14,"XX",207,"MSP","Minneapolis, MN","ORD","Chicago, IL","1921","1921",-3.00,0.00,"2359","2359",-6.00,0.00,,0.00,,,,,,
2026,3,7,14,2,2026-07-14,"XX",208,"MSP","Minneapolis, MN","ORD","Chicago, IL","1928","1928",-3.00,0.00,"2359","2359",-6.00,0.00,,0.00,,,,,,
2026,3,7,14,2,2026-07-14,"XX",209,"MSP","Minneapolis, MN","ORD","Chicago, IL","1935","1935",-3.00,0.00,"2359","2359",-6.00,0.00,,0.00,,,,,,
2026,3,7,14,2,2026-07-14,"XX",210,"MSP","Minneapolis, MN","ORD","Chicago, IL","1942","1942",-3.00,0.00,"2359","2359",-6.00,0.00,,0.00,,,,,,
2026,3,7,14,2,2026-07-14,"XX",211,"MSP","Minneapolis, MN","ORD","Chicago, IL","1949","1949",-3.00,0.00,"2359","2359",-6.00,0.00,,0.00,,,,,,
2026,3,7,14,2,2026-07-14,"XX",212,"MSP","Minneapolis, MN","ORD","Chicago, IL","2000","2000",-3.00,0.00,"2359","2359",-6.00,0.00,,0.00,,,,,,
2026,3,7,14,2,2026-07-14,"XX",213,"MSP","Minneapolis, MN","ORD","Chicago, IL","2007","2007",-3.00,0.00,"2359","2359",-6.00,0.00,,0.00,,,,,,
2026,3,7,14,2,2026-07-14,"XX",214,"MSP","Minneapolis, MN","ORD","Chicago, IL","2014","2014",-3.00,0.00,"2359","2359",-6.00,0.00,,0.00,,,,,,
2026,3,7,14,2,2026-07-14,"XX",215,"MSP","Minneapolis, MN","ORD","Chicago, IL","2021","2021",-3.00,0.00,"2359","2359",-6.00,0.00,,0.00,,,,,,
2026,3,7,14,2,2026-07-14,"XX",216,"MSP","Minneapolis, MN","ORD","Chicago, IL","2028","2028",-3.00,0.00,"2359","2359",-6.00,0.00,,0.00,,,,,,
2026,3,7,14,2,2026-07-14,"XX",217,"MSP","Minneapolis, MN","ORD","Chicago, IL","2035","2035",-3.00,0.00,"2359","2359",-6.00,0.00,,0.00,,,,,,
2026,3,7,14,2,2026-07-14,"XX",218,"MSP","Minneapolis, MN","ORD","Chicago, IL","2042","2042",-3.00,0.00,"2359","2359",-6.00,0.00,,0.00,,,,,,
2026,3,7,14,2,2026-07-14,"XX",219,"MSP","Minneapolis, MN","ORD","Chicago, IL","2049","2049",-3.00,0.00,"2359","2359",-6.00,0.00,,0.00,,,,,,
2026,3,7,14,2,2026-07-14,"XX",220,"MSP","Minneapolis, MN","ORD","Chicago, IL","2100","2100",-3.00,0.00,"2359","2359",-6.00,0.00,,0.00,,,,,,
2026,3,7,14,2,2026-07-14,"XX",221,"MSP","Minneapolis, MN","ORD","Chicago, IL","2107","2107",-3.00,0.00,"2359","2359",-6.00,0.00,,0.00,,,,,,
2026,3,7,14,2,2026-07-14,"XX",222,"MSP","Minneapolis, MN","ORD","Chicago, IL","2114","2114",-3.00,0.00,"2359","2359",-6.00,0.00,,0.00,,,,,,
2026,3,7,14,2,2026-07-14,"XX",223,"MSP","Minneapolis, MN","ORD","Chicago, IL","2121","2121",-3.00,0.00,"2359","2359",-6.00,0.00,,0.00,,,,,,
2026,3,7,14,2,2026-07-14,"XX",224,"MSP","Minneapolis, MN","ORD","Chicago, IL","2128","2128",-3.00,0.00,"2359","2359",-6.00,0.00,,0.00,,,,,,
2026,3,7,14,2,2026-07-14,"XX",225,"MSP","Minneapolis, MN","ORD","Chicago, IL","2135","2135",-3.00,0.00,"2359","2359",-6.00,0.00,,0.00,,,,,,
2026,3,7,14,2,2026-07-14,"XX",226,"MSP","Minneapolis, MN","ORD","Chicago, IL","2142","2142",-3.00,0.00,"2359","2359",-6.00,0.00,,0.00,,,,,,
2026,3,7,14,2,2026-07-14,"XX",227,"MSP","Minneapolis, MN","ORD","Chicago, IL","2149","2149",22.00,1.00,"2359","2359",18.00,0.00,,0.00,18.00,0.00,0.00,0.00,0.00,
2026,3,7,14,2,2026-07-14,"XX",228,"MSP","Minneapolis, MN","ORD","Chicago, IL","2200","2200",-3.00,0.00,"2359","2359",-6.00,0.00,,0.00,,,,,,
2026,3,7,14,2,2026-07-14,"XX",229,"MSP","Minneapolis, MN","ORD","Chicago, IL","2207","2207",-3.00,0.00,"2359","2359",-6.00,0.00,,0.00,,,,,,
2026,3,7,14,2,2026-07-14,"XX",230,"MSP","Minneapolis, MN","ORD","Chicago, IL","2214","2214",-3.00,0.00,"2359","2359",-6.00,0.00,,0.00,,,,,,
2026,3,7,14,2,2026-07-14,"XX",231,"MSP","Minneapolis, MN","ORD","Chicago, IL","2221","2221",-3.00,0.00,"2359","2359",-6.00,0.00,,0.00,,,,,,
2026,3,7,14,2,2026-07-14,"XX",232,"MSP","Minneapolis, MN","ORD","Chicago, IL","2228","2228",-3.00,0.00,"2359","2359",-6.00,0.00,,0.00,,,,,,
2026,3,7,14,2,2026-07-14,"XX",233,"MSP","Minneapolis, MN","ORD","Chicago, IL","2235","2235",-3.00,0.00,"2359","2359",-6.00,0.00,,0.00,,,,,,
2026,3,7,14,2,2026-07-14,"XX",234,"MSP","Minneapolis, MN","ORD","Chicago, IL","2242","2242",-3.00,0.00,"2359","2359",-6.00,0.00,,0.00,,,,,,
2026,3,7,14,2,2026-07-14,"XX",235,"MSP","Minneapolis, MN","ORD","Chicago, IL","2249","2249",-3.00,0.00,"2359","2359",-6.00,0.00,,0.00,,,,,,
2026,3,7,15,2,2026-07-15,"XX",236,"MSP","Minneapolis, MN","ORD","Chicago, IL","0600","0600",48.00,1.00,"2359","2359",41.00,0.00,,0.00,0.00,0.00,41.00,0.00,0.00,
2026,3,7,15,2,2026-07-15,"XX",237,"MSP","Minneapolis, MN","ORD","Chicago, IL","0607","0607",48.00,1.00,"2359","2359",41.00,0.00,,0.00,0.00,0.00,41.00,0.00,0.00,
2026,3,7,15,2,2026-07-15,"XX",238,"MSP","Minneapolis, MN","ORD","Chicago, IL","0614","0614",-3.00,0.00,"2359","2359",-6.00,0.00,,0.00,,,,,,
2026,3,7,15,2,2026-07-15,"XX",239,"MSP","Minneapolis, MN","ORD","Chicago, IL","0621","0621",-3.00,0.00,"2359","2359",-6.00,0.00,,0.00,,,,,,
2026,3,7,15,2,2026-07-15,"XX",240,"MSP","Minneapolis, MN","ORD","Chicago, IL","0628","0628",-3.00,0.00,"2359","2359",-6.00,0.00,,0.00,,,,,,
2026,3,7,15,2,2026-07-15,"XX",241,"MSP","Minneapolis, MN","ORD","Chicago, IL","0635","0635",-3.00,0.00,"2359","2359",-6.00,0.00,,0.00,,,,,,
2026,3,7,15,2,2026-07-15,"XX",242,"MSP","Minneapolis, MN","ORD","Chicago, IL","0642","0642",-3.00,0.00,"2359","2359",-6.00,0.00,,0.00,,,,,,
2026,3,7,15,2,2026-07-15,"XX",243,"MSP","Minneapolis, MN","ORD","Chicago, IL","0649","0649",22.00,1.00,"2359","2359",18.00,0.00,,0.00,18.00,0.00,0.00,0.00,0.00,
2026,3,7,15,2,2026-07-15,"XX",244,"MSP","Minneapolis, MN","ORD","Chicago, IL","0700","0700",48.00,1.00,"2359","2359",41.00,0.00,,0.00,0.00,0.00,41.00,0.00,0.00,
2026,3,7,15,2,2026-07-15,"XX",245,"MSP","Minneapolis, MN","ORD","Chicago, IL","0707","0707",48.00,1.00,"2359","2359",41.00,0.00,,0.00,0.00,0.00,41.00,0.00,0.00,
2026,3,7,15,2,2026-07-15,"XX",246,"MSP","Minneapolis, MN","ORD","Chicago, IL","0714","0714",-3.00,0.00,"2359","2359",-6.00,0.00,,0.00,,,,,,
2026,3,7,15,2,2026-07-15,"XX",247,"MSP","Minneapolis, MN","ORD","Chicago, IL","0721","0721",-3.00,0.00,"2359","2359",-6.00,0.00,,0.00,,,,,,
2026,3,7,15,2,2026-07-15,"XX",248,"MSP","Minneapolis, MN","ORD","Chicago, IL","0728","0728",-3.00,0.00,"2359","2359",-6.00,0.00,,0.00,,,,,,
2026,3,7,15,2,2026-07-15,"XX",249,"MSP","Minneapolis, MN","ORD","Chicago, IL","0735","0735",-3.00,0.00,"2359","2359",-6.00,0.00,,0.00,,,,,,
2026,3,7,15,2,2026-07-15,"XX",250,"MSP","Minneapolis, MN","ORD","Chicago, IL","0742","0742",-3.00,0.00,"2359","2359",-6.00,0.00,,0.00,,,,,,
2026,3,7,15,2,2026-07-15,"XX",251,"MSP","Minneapolis, MN","ORD","Chicago, IL","0749","0749",-3.00,0.00,"2359","2359",-6.00,0.00,,0.00,,,,,,
2026,3,7,15,2,2026-07-15,"XX",252,"MSP","Minneapolis, MN","ORD","Chicago, IL","0800","0800",-3.00,0.00,"2359","2359",-6.00,0.00,,0.00,,,,,,
2026,3,7,15,2,2026-07-15,"XX",253,"MSP","Minneapolis, MN","ORD","Chicago, IL","0807","0807",-3.00,0.00,"2359","2359",-6.00,0.00,,0.00,,,,,,
2026,3,7,15,2,2026-07-15,"XX",254,"MSP","Minneapolis, MN","ORD","Chicago, IL","0814","0814",-3.00,0.00,"2359","2359",-6.00,0.00,,0.00,,,,,,
2026,3,7,15,2,2026-07-15,"XX",255,"MSP","Minneapolis, MN","ORD","Chicago, IL","0821","0821",-3.00,0.00,"2359","2359",-6.00,0.00,,0.00,,,,,,
2026,3,7,15,2,2026-07-15,"XX",256,"MSP","Minneapolis, MN","ORD","Chicago, IL","0828","0828",-3.00,0.00,"2359","2359",-6.00,0.00,,0.00,,,,,,
2026,3,7,15,2,2026-07-15,"XX",257,"MSP","Minneapolis, MN","ORD","Chicago, IL","0835","0835",-3.00,0.00,"2359","2359",-6.00,0.00,,0.00,,,,,,
2026,3,7,15,2,2026-07-15,"XX",258,"MSP","Minneapolis, MN","ORD","Chicago, IL","0842","0842",-3.00,0.00,"2359","2359",-6.00,0.00,,0.00,,,,,,
2026,3,7,15,2,2026-07-15,"XX",259,"MSP","Minneapolis, MN","ORD","Chicago, IL","0849","0849",-3.00,0.00,"2359","2359",-6.00,0.00,,0.00,,,,,,
2026,3,7,15,2,2026-07-15,"XX",260,"MSP","Minneapolis, MN","ORD","Chicago, IL","0900","0900",-3.00,0.00,"2359","2359",-6.00,0.00,,0.00,,,,,,
2026,3,7,15,2,2026-07-15,"XX",261,"MSP","Minneapolis, MN","ORD","Chicago, IL","0907","0907",-3.00,0.00,"2359","2359",-6.00,0.00,,0.00,,,,,,
2026,3,7,15,2,2026-07-15,"XX",262,"MSP","Minneapolis, MN","ORD","Chicago, IL","0914","0914",-3.00,0.00,"2359","2359",-6.00,0.00,,0.00,,,,,,
2026,3,7,15,2,2026-07-15,"XX",263,"MSP","Minneapolis, MN","ORD","Chicago, IL","0921","0921",-3.00,0.00,"2359","2359",-6.00,0.00,,0.00,,,,,,
2026,3,7,15,2,2026-07-15,"XX",264,"MSP","Minneapolis, MN","ORD","Chicago, IL","0928","0928",-3.00,0.00,"2359","2359",-6.00,0.00,,0.00,,,,,,
2026,3,7,15,2,2026-07-15,"XX",265,"MSP","Minneapolis, MN","ORD","Chicago, IL","0935","0935",-3.00,0.00,"2359","2359",-6.00,0.00,,0.00,,,,,,
2026,3,7,15,2,2026-07-15,"XX",266,"MSP","Minneapolis, MN","ORD","Chicago, IL","0942","0942",-3.00,0.00,"2359","2359",-6.00,0.00,,0.00,,,,,,
2026,3,7,15,2,2026-07-15,"XX",267,"MSP","Minneapolis, MN","ORD","Chicago, IL","0949","0949",22.00,1.00,"2359","2359",18.00,0.00,,0.00,18.00,0.00,0.00,0.00,0.00,
2026,3,7,15,2,2026-07-15,"XX",268,"MSP","Minneapolis, MN","ORD","Chicago, IL","1000","1000",-3.00,0.00,"2359","2359",-6.00,0.00,,0.00,,,,,,
2026,3,7,15,2,2026-07-15,"XX",269,"MSP","Minneapolis, MN","ORD","Chicago, IL","1007","1007",-3.00,0.00,"2359","2359",-6.00,0.00,,0.00,,,,,,
2026,3,7,15,2,2026-07-15,"XX",270,"MSP","Minneapolis, MN","ORD","Chicago, IL","1014","1014",-3.00,0.00,"2359","2359",-6.00,0.00,,0.00,,,,,,
2026,3,7,15,2,2026-07-15,"XX",271,"MSP","Minneapolis, MN","ORD","Chicago, IL","1021","1021",-3.00,0.00,"2359","2359",-6.00,0.00,,0.00,,,,,,
2026,3,7,15,2,2026-07-15,"XX",272,"MSP","Minneapolis, MN","ORD","Chicago, IL","1028","1028",-3.00,0.00,"2359","2359",-6.00,0.00,,0.00,,,,,,
2026,3,7,15,2,2026-07-15,"XX",273,"MSP","Minneapolis, MN","ORD","Chicago, IL","1035","1035",-3.00,0.00,"2359","2359",-6.00,0.00,,0.00,,,,,,
2026,3,7,15,2,2026-07-15,"XX",274,"MSP","Minneapolis, MN","ORD","Chicago, IL","1042","1042",-3.00,0.00,"2359","2359",-6.00,0.00,,0.00,,,,,,
2026,3,7,15,2,2026-07-15,"XX",275,"MSP","Minneapolis, MN","ORD","Chicago, IL","1049","1049",-3.00,0.00,"2359","2359",-6.00,0.00,,0.00,,,,,,
2026,3,7,15,2,2026-07-15,"XX",276,"MSP","Minneapolis, MN","ORD","Chicago, IL","1100","1100",-3.00,0.00,"2359","2359",-6.00,0.00,,0.00,,,,,,
2026,3,7,15,2,2026-07-15,"XX",277,"MSP","Minneapolis, MN","ORD","Chicago, IL","1107","1107",-3.00,0.00,"2359","2359",-6.00,0.00,,0.00,,,,,,
2026,3,7,15,2,2026-07-15,"XX",278,"MSP","Minneapolis, MN","ORD","Chicago, IL","1114","1114",-3.00,0.00,"2359","2359",-6.00,0.00,,0.00,,,,,,
2026,3,7,15,2,2026-07-15,"XX",279,"MSP","Minneapolis, MN","ORD","Chicago, IL","1121","1121",-3.00,0.00,"2359","2359",-6.00,0.00,,0.00,,,,,,
2026,3,7,15,2,2026-07-15,"XX",280,"MSP","Minneapolis, MN","ORD","Chicago, IL","1128","1128",-3.00,0.00,"2359","2359",-6.00,0.00,,0.00,,,,,,
2026,3,7,15,2,2026-07-15,"XX",281,"MSP","Minneapolis, MN","ORD","Chicago, IL","1135","1135",-3.00,0.00,"2359","2359",-6.00,0.00,,0.00,,,,,,
2026,3,7,15,2,2026-07-15,"XX",282,"MSP","Minneapolis, MN","ORD","Chicago, IL","1142","1142",-3.00,0.00,"2359","2359",-6.00,0.00,,0.00,,,,,,
2026,3,7,15,2,2026-07-15,"XX",283,"MSP","Minneapolis, MN","ORD","Chicago, IL","1149","1149",-3.00,0.00,"2359","2359",-6.00,0.00,,0.00,,,,,,
2026,3,7,15,2,2026-07-15,"XX",284,"MSP","Minneapolis, MN","ORD","Chicago, IL","1200","1200",-3.00,0.00,"2359","2359",-6.00,0.00,,0.00,,,,,,
2026,3,7,15,2,2026-07-15,"XX",285,"MSP","Minneapolis, MN","ORD","Chicago, IL","1207","1207",-3.00,0.00,"2359","2359",-6.00,0.00,,0.00,,,,,,
2026,3,7,15,2,2026-07-15,"XX",286,"MSP","Minneapolis, MN","ORD","Chicago, IL","1214","1214",-3.00,0.00,"2359","2359",-6.00,0.00,,0.00,,,,,,
2026,3,7,15,2,2026-07-15,"XX",287,"MSP","Minneapolis, MN","ORD","Chicago, IL","1221","1221",-3.00,0.00,"2359","2359",-6.00,0.00,,0.00,,,,,,
2026,3,7,15,2,2026-07-15,"XX",288,"MSP","Minneapolis, MN","ORD","Chicago, IL","1228","1228",-3.00,0.00,"2359","2359",-6.00,0.00,,0.00,,,,,,
2026,3,7,15,2,2026-07-15,"XX",289,"MSP","Minneapolis, MN","ORD","Chicago, IL","1235","1235",-3.00,0.00,"2359","2359",-6.00,0.00,,0.00,,,,,,
2026,3,7,15,2,2026-07-15,"XX",290,"MSP","Minneapolis, MN","ORD","Chicago, IL","1242","1242",-3.00,0.00,"2359","2359",-6.00,0.00,,0.00,,,,,,
2026,3,7,15,2,2026-07-15,"XX",291,"MSP","Minneapolis, MN","ORD","Chicago, IL","1249","1249",22.00,1.00,"2359","2359",18.00,0.00,,0.00,18.00,0.00,0.00,0.00,0.00,
2026,3,7,15,2,2026-07-15,"XX",292,"MSP","Minneapolis, MN","ORD","Chicago, IL","1300","1300",-3.00,0.00,"2359","2359",-6.00,0.00,,0.00,,,,,,
2026,3,7,15,2,2026-07-15,"XX",293,"MSP","Minneapolis, MN","ORD","Chicago, IL","1307","1307",-3.00,0.00,"2359","2359",-6.00,0.00,,0.00,,,,,,
2026,3,7,15,2,2026-07-15,"XX",294,"MSP","Minneapolis, MN","ORD","Chicago, IL","1314","1314",-3.00,0.00,"2359","2359",-6.00,0.00,,0.00,,,,,,
2026,3,7,15,2,2026-07-15,"XX",295,"MSP","Minneapolis, MN","ORD","Chicago, IL","1321","1321",-3.00,0.00,"2359","2359",-6.00,0.00,,0.00,,,,,,
2026,3,7,15,2,2026-07-15,"XX",296,"MSP","Minneapolis, MN","ORD","Chicago, IL","1328","1328",-3.00,0.00,"2359","2359",-6.00,0.00,,0.00,,,,,,
2026,3,7,15,2,2026-07-15,"XX",297,"MSP","Minneapolis, MN","ORD","Chicago, IL","1335","1335",-3.00,0.00,"2359","2359",-6.00,0.00,,0.00,,,,,,
2026,3,7,15,2,2026-07-15,"XX",298,"MSP","Minneapolis, MN","ORD","Chicago, IL","1342","1342",-3.00,0.00,"2359","2359",-6.00,0.00,,0.00,,,,,,
2026,3,7,15,2,2026-07-15,"XX",299,"MSP","Minneapolis, MN","ORD","Chicago, IL","1349","1349",-3.00,0.00,"2359","2359",-6.00,0.00,,0.00,,,,,,
2026,3,7,15,2,2026-07-15,"XX",300,"MSP","Minneapolis, MN","ORD","Chicago, IL","1400","1400",-3.00,0.00,"2359","2359",-6.00,0.00,,0.00,,,,,,
2026,3,7,15,2,2026-07-15,"XX",301,"MSP","Minneapolis, MN","ORD","Chicago, IL","1407","1407",-3.00,0.00,"2359","2359",-6.00,0.00,,0.00,,,,,,
2026,3,7,15,2,2026-07-15,"XX",302,"MSP","Minneapolis, MN","ORD","Chicago, IL","1414","1414",-3.00,0.00,"2359","2359",-6.00,0.00,,0.00,,,,,,
2026,3,7,15,2,2026-07-15,"XX",303,"MSP","Minneapolis, MN","ORD","Chicago, IL","1421","1421",-3.00,0.00,"2359","2359",-6.00,0.00,,0.00,,,,,,
2026,3,7,15,2,2026-07-15,"XX",304,"MSP","Minneapolis, MN","ORD","Chicago, IL","1428","1428",-3.00,0.00,"2359","2359",-6.00,0.00,,0.00,,,,,,
2026,3,7,15,2,2026-07-15,"XX",305,"MSP","Minneapolis, MN","ORD","Chicago, IL","1435","1435",-3.00,0.00,"2359","2359",-6.00,0.00,,0.00,,,,,,
2026,3,7,15,2,2026-07-15,"XX",306,"MSP","Minneapolis, MN","ORD","Chicago, IL","1442","1442",-3.00,0.00,"2359","2359",-6.00,0.00,,0.00,,,,,,
2026,3,7,15,2,2026-07-15,"XX",307,"MSP","Minneapolis, MN","ORD","Chicago, IL","1449","1449",-3.00,0.00,"2359","2359",-6.00,0.00,,0.00,,,,,,
2026,3,7,15,2,2026-07-15,"XX",308,"MSP","Minneapolis, MN","ORD","Chicago, IL","1500","1500",-3.00,0.00,"2359","2359",-6.00,0.00,,0.00,,,,,,
2026,3,7,15,2,2026-07-15,"XX",309,"MSP","Minneapolis, MN","ORD","Chicago, IL","1507","1507",-3.00,0.00,"2359","2359",-6.00,0.00,,0.00,,,,,,
2026,3,7,15,2,2026-07-15,"XX",310,"MSP","Minneapolis, MN","ORD","Chicago, IL","1514","1514",-3.00,0.00,"2359","2359",-6.00,0.00,,0.00,,,,,,
2026,3,7,15,2,2026-07-15,"XX",311,"MSP","Minneapolis, MN","ORD","Chicago, IL","1521","1521",-3.00,0.00,"2359","2359",-6.00,0.00,,0.00,,,,,,
2026,3,7,15,2,2026-07-15,"XX",312,"MSP","Minneapolis, MN","ORD","Chicago, IL","1528","1528",-3.00,0.00,"2359","2359",-6.00,0.00,,0.00,,,,,,
2026,3,7,15,2,2026-07-15,"XX",313,"MSP","Minneapolis, MN","ORD","Chicago, IL","1535","1535",-3.00,0.00,"2359","2359",-6.00,0.00,,0.00,,,,,,
2026,3,7,15,2,2026-07-15,"XX",314,"MSP","Minneapolis, MN","ORD","Chicago, IL","1542","1542",-3.00,0.00,"2359","2359",-6.00,0.00,,0.00,,,,,,
2026,3,7,15,2,2026-07-15,"XX",315,"MSP","Minneapolis, MN","ORD","Chicago, IL","1549","1549",22.00,1.00,"2359","2359",18.00,0.00,,0.00,18.00,0.00,0.00,0.00,0.00,
2026,3,7,15,2,2026-07-15,"XX",316,"MSP","Minneapolis, MN","ORD","Chicago, IL","1600","1600",-3.00,0.00,"2359","2359",-6.00,0.00,,0.00,,,,,,
2026,3,7,15,2,2026-07-15,"XX",317,"MSP","Minneapolis, MN","ORD","Chicago, IL","1607","1607",-3.00,0.00,"2359","2359",-6.00,0.00,,0.00,,,,,,
2026,3,7,15,2,2026-07-15,"XX",318,"MSP","Minneapolis, MN","ORD","Chicago, IL","1614","1614",-3.00,0.00,"2359","2359",-6.00,0.00,,0.00,,,,,,
2026,3,7,15,2,2026-07-15,"XX",319,"MSP","Minneapolis, MN","ORD","Chicago, IL","1621","1621",-3.00,0.00,"2359","2359",-6.00,0.00,,0.00,,,,,,
2026,3,7,15,2,2026-07-15,"XX",320,"MSP","Minneapolis, MN","ORD","Chicago, IL","1628","1628",-3.00,0.00,"2359","2359",-6.00,0.00,,0.00,,,,,,
2026,3,7,15,2,2026-07-15,"XX",321,"MSP","Minneapolis, MN","ORD","Chicago, IL","1635","1635",-3.00,0.00,"2359","2359",-6.00,0.00,,0.00,,,,,,
2026,3,7,15,2,2026-07-15,"XX",322,"MSP","Minneapolis, MN","ORD","Chicago, IL","1642","1642",-3.00,0.00,"2359","2359",-6.00,0.00,,0.00,,,,,,
2026,3,7,15,2,2026-07-15,"XX",323,"MSP","Minneapolis, MN","ORD","Chicago, IL","1649","1649",-3.00,0.00,"2359","2359",-6.00,0.00,,0.00,,,,,,
2026,3,7,15,2,2026-07-15,"XX",324,"MSP","Minneapolis, MN","ORD","Chicago, IL","1700","1700",-3.00,0.00,"2359","2359",-6.00,0.00,,0.00,,,,,,
2026,3,7,15,2,2026-07-15,"XX",325,"MSP","Minneapolis, MN","ORD","Chicago, IL","1707","1707",-3.00,0.00,"2359","2359",-6.00,0.00,,0.00,,,,,,
2026,3,7,15,2,2026-07-15,"XX",326,"MSP","Minneapolis, MN","ORD","Chicago, IL","1714","1714",-3.00,0.00,"2359","2359",-6.00,0.00,,0.00,,,,,,
2026,3,7,15,2,2026-07-15,"XX",327,"MSP","Minneapolis, MN","ORD","Chicago, IL","1721","1721",-3.00,0.00,"2359","2359",-6.00,0.00,,0.00,,,,,,
2026,3,7,15,2,2026-07-15,"XX",328,"MSP","Minneapolis, MN","ORD","Chicago, IL","1728","1728",-3.00,0.00,"2359","2359",-6.00,0.00,,0.00,,,,,,
2026,3,7,15,2,2026-07-15,"XX",329,"MSP","Minneapolis, MN","ORD","Chicago, IL","1735","1735",-3.00,0.00,"2359","2359",-6.00,0.00,,0.00,,,,,,
2026,3,7,15,2,2026-07-15,"XX",330,"MSP","Minneapolis, MN","ORD","Chicago, IL","1742","1742",-3.00,0.00,"2359","2359",-6.00,0.00,,0.00,,,,,,
2026,3,7,15,2,2026-07-15,"XX",331,"MSP","Minneapolis, MN","ORD","Chicago, IL","1749","1749",-3.00,0.00,"2359","2359",-6.00,0.00,,0.00,,,,,,
2026,3,7,15,2,2026-07-15,"XX",332,"MSP","Minneapolis, MN","ORD","Chicago, IL","1800","1800",-3.00,0.00,"2359","2359",-6.00,0.00,,0.00,,,,,,
2026,3,7,15,2,2026-07-15,"XX",333,"MSP","Minneapolis, MN","ORD","Chicago, IL","1807","1807",-3.00,0.00,"2359","2359",-6.00,0.00,,0.00,,,,,,
2026,3,7,15,2,2026-07-15,"XX",334,"MSP","Minneapolis, MN","ORD","Chicago, IL","1814","1814",-3.00,0.00,"2359","2359",-6.00,0.00,,0.00,,,,,,
2026,3,7,15,2,2026-07-15,"XX",335,"MSP","Minneapolis, MN","ORD","Chicago, IL","1821","1821",-3.00,0.00,"2359","2359",-6.00,0.00,,0.00,,,,,,
2026,3,7,15,2,2026-07-15,"XX",336,"MSP","Minneapolis, MN","ORD","Chicago, IL","1828","1828",-3.00,0.00,"2359","2359",-6.00,0.00,,0.00,,,,,,
2026,3,7,15,2,2026-07-15,"XX",337,"MSP","Minneapolis, MN","ORD","Chicago, IL","1835","1835",-3.00,0.00,"2359","2359",-6.00,0.00,,0.00,,,,,,
2026,3,7,15,2,2026-07-15,"XX",338,"MSP","Minneapolis, MN","ORD","Chicago, IL","1842","1842",-3.00,0.00,"2359","2359",-6.00,0.00,,0.00,,,,,,
2026,3,7,15,2,2026-07-15,"XX",339,"MSP","Minneapolis, MN","ORD","Chicago, IL","1849","1849",22.00,1.00,"2359","2359",18.00,0.00,,0.00,18.00,0.00,0.00,0.00,0.00,
2026,3,7,15,2,2026-07-15,"XX",340,"MSP","Minneapolis, MN","ORD","Chicago, IL","1900","1900",-3.00,0.00,"2359","2359",-6.00,0.00,,0.00,,,,,,
2026,3,7,15,2,2026-07-15,"XX",341,"MSP","Minneapolis, MN","ORD","Chicago, IL","1907","1907",-3.00,0.00,"2359","2359",-6.00,0.00,,0.00,,,,,,
2026,3,7,15,2,2026-07-15,"XX",342,"MSP","Minneapolis, MN","ORD","Chicago, IL","1914","1914",-3.00,0.00,"2359","2359",-6.00,0.00,,0.00,,,,,,
2026,3,7,15,2,2026-07-15,"XX",343,"MSP","Minneapolis, MN","ORD","Chicago, IL","1921","1921",-3.00,0.00,"2359","2359",-6.00,0.00,,0.00,,,,,,
2026,3,7,15,2,2026-07-15,"XX",344,"MSP","Minneapolis, MN","ORD","Chicago, IL","1928","1928",-3.00,0.00,"2359","2359",-6.00,0.00,,0.00,,,,,,
2026,3,7,15,2,2026-07-15,"XX",345,"MSP","Minneapolis, MN","ORD","Chicago, IL","1935","1935",-3.00,0.00,"2359","2359",-6.00,0.00,,0.00,,,,,,
2026,3,7,15,2,2026-07-15,"XX",346,"MSP","Minneapolis, MN","ORD","Chicago, IL","1942","1942",-3.00,0.00,"2359","2359",-6.00,0.00,,0.00,,,,,,
2026,3,7,15,2,2026-07-15,"XX",347,"MSP","Minneapolis, MN","ORD","Chicago, IL","1949","1949",-3.00,0.00,"2359","2359",-6.00,0.00,,0.00,,,,,,
2026,3,7,15,2,2026-07-15,"XX",348,"MSP","Minneapolis, MN","ORD","Chicago, IL","2000","2000",-3.00,0.00,"2359","2359",-6.00,0.00,,0.00,,,,,,
2026,3,7,15,2,2026-07-15,"XX",349,"MSP","Minneapolis, MN","ORD","Chicago, IL","2007","2007",-3.00,0.00,"2359","2359",-6.00,0.00,,0.00,,,,,,
2026,3,7,15,2,2026-07-15,"XX",350,"MSP","Minneapolis, MN","ORD","Chicago, IL","2014","2014",-3.00,0.00,"2359","2359",-6.00,0.00,,0.00,,,,,,
2026,3,7,15,2,2026-07-15,"XX",351,"MSP","Minneapolis, MN","ORD","Chicago, IL","2021","2021",-3.00,0.00,"2359","2359",-6.00,0.00,,0.00,,,,,,
2026,3,7,15,2,2026-07-15,"XX",352,"MSP","Minneapolis, MN","ORD","Chicago, IL","2028","2028",-3.00,0.00,"2359","2359",-6.00,0.00,,0.00,,,,,,
2026,3,7,15,2,2026-07-15,"XX",353,"MSP","Minneapolis, MN","ORD","Chicago, IL","2035","2035",-3.00,0.00,"2359","2359",-6.00,0.00,,0.00,,,,,,
2026,3,7,15,2,2026-07-15,"XX",354,"MSP","Minneapolis, MN","ORD","Chicago, IL","2042","2042",-3.00,0.00,"2359","2359",-6.00,0.00,,0.00,,,,,,
2026,3,7,15,2,2026-07-15,"XX",355,"MSP","Minneapolis, MN","ORD","Chicago, IL","2049","2049",-3.00,0.00,"2359","2359",-6.00,0.00,,0.00,,,,,,
2026,3,7,15,2,2026-07-15,"XX",356,"MSP","Minneapolis, MN","ORD","Chicago, IL","2100","2100",-3.00,0.00,"2359","2359",-6.00,0.00,,0.00,,,,,,
2026,3,7,15,2,2026-07-15,"XX",357,"MSP","Minneapolis, MN","ORD","Chicago, IL","2107","2107",-3.00,0.00,"2359","2359",-6.00,0.00,,0.00,,,,,,
2026,3,7,15,2,2026-07-15,"XX",358,"MSP","Minneapolis, MN","ORD","Chicago, IL","2114","2114",-3.00,0.00,"2359","2359",-6.00,0.00,,0.00,,,,,,
2026,3,7,15,2,2026-07-15,"XX",359,"MSP","Minneapolis, MN","ORD","Chicago, IL","2121","2121",-3.00,0.00,"2359","2359",-6.00,0.00,,0.00,,,,,,
2026,3,7,15,2,2026-07-15,"XX",360,"MSP","Minneapolis, MN","ORD","Chicago, IL","2128","2128",-3.00,0.00,"2359","2359",-6.00,0.00,,0.00,,,,,,
2026,3,7,15,2,2026-07-15,"XX",361,"MSP","Minneapolis, MN","ORD","Chicago, IL","2135","2135",-3.00,0.00,"2359","2359",-6.00,0.00,,0.00,,,,,,
2026,3,7,15,2,2026-07-15,"XX",362,"MSP","Minneapolis, MN","ORD","Chicago, IL","2142","2142",-3.00,0.00,"2359","2359",-6.00,0.00,,0.00,,,,,,
2026,3,7,15,2,2026-07-15,"XX",363,"MSP","Minneapolis, MN","ORD","Chicago, IL","2149","2149",22.00,1.00,"2359","2359",18.00,0.00,,0.00,18.00,0.00,0.00,0.00,0.00,
2026,3,7,15,2,2026-07-15,"XX",364,"MSP","Minneapolis, MN","ORD","Chicago, IL","2200","2200",-3.00,0.00,"2359","2359",-6.00,0.00,,0.00,,,,,,
2026,3,7,15,2,2026-07-15,"XX",365,"MSP","Minneapolis, MN","ORD","Chicago, IL","2207","2207",-3.00,0.00,"2359","2359",-6.00,0.00,,0.00,,,,,,
2026,3,7,15,2,2026-07-15,"XX",366,"MSP","Minneapolis, MN","ORD","Chicago, IL","2214","2214",-3.00,0.00,"2359","2359",-6.00,0.00,,0.00,,,,,,
2026,3,7,15,2,2026-07-15,"XX",367,"MSP","Minneapolis, MN","ORD","Chicago, IL","2221","2221",-3.00,0.00,"2359","2359",-6.00,0.00,,0.00,,,,,,
2026,3,7,15,2,2026-07-15,"XX",368,"MSP","Minneapolis, MN","ORD","Chicago, IL","2228","2228",-3.00,0.00,"2359","2359",-6.00,0.00,,0.00,,,,,,
2026,3,7,15,2,2026-07-15,"XX",369,"MSP","Minneapolis, MN","ORD","Chicago, IL","2235","2235",-3.00,0.00,"2359","2359",-6.00,0.00,,0.00,,,,,,
2026,3,7,15,2,2026-07-15,"XX",370,"MSP","Minneapolis, MN","ORD","Chicago, IL","2242","2242",-3.00,0.00,"2359","2359",-6.00,0.00,,0.00,,,,,,
2026,3,7,15,2,2026-07-15,"XX",371,"MSP","Minneapolis, MN","ORD","Chicago, IL","2249","2249",-3.00,0.00,"2359","2359",-6.00,0.00,,0.00,,,,,,
2026,3,7,16,2,2026-07-16,"XX",372,"MSP","Minneapolis, MN","ORD","Chicago, IL","0600","0600",-3.00,0.00,"2359","2359",-6.00,0.00,,0.00,,,,,,
2026,3,7,16,2,2026-07-16,"XX",373,"MSP","Minneapolis, MN","ORD","Chicago, IL","0607","0607",-3.00,0.00,"2359","2359",-6.00,0.00,,0.00,,,,,,
2026,3,7,16,2,2026-07-16,"XX",374,"MSP","Minneapolis, MN","ORD","Chicago, IL","0614","0614",-3.00,0.00,"2359","2359",-6.00,0.00,,0.00,,,,,,
2026,3,7,16,2,2026-07-16,"XX",375,"MSP","Minneapolis, MN","ORD","Chicago, IL","0621","0621",-3.00,0.00,"2359","2359",-6.00,0.00,,0.00,,,,,,
2026,3,7,16,2,2026-07-16,"XX",376,"MSP","Minneapolis, MN","ORD","Chicago, IL","0628","0628",-3.00,0.00,"2359","2359",-6.00,0.00,,0.00,,,,,,
2026,3,7,16,2,2026-07-16,"XX",377,"MSP","Minneapolis, MN","ORD","Chicago, IL","0635","0635",-3.00,0.00,"2359","2359",-6.00,0.00,,0.00,,,,,,
2026,3,7,16,2,2026-07-16,"XX",378,"MSP","Minneapolis, MN","ORD","Chicago, IL","0642","0642",-3.00,0.00,"2359","2359",-6.00,0.00,,0.00,,,,,,
2026,3,7,16,2,2026-07-16,"XX",379,"MSP","Minneapolis, MN","ORD","Chicago, IL","0649","0649",22.00,1.00,"2359","2359",18.00,0.00,,0.00,18.00,0.00,0.00,0.00,0.00,
2026,3,7,16,2,2026-07-16,"XX",380,"MSP","Minneapolis, MN","ORD","Chicago, IL","0700","0700",-3.00,0.00,"2359","2359",-6.00,0.00,,0.00,,,,,,
2026,3,7,16,2,2026-07-16,"XX",381,"MSP","Minneapolis, MN","ORD","Chicago, IL","0707","0707",-3.00,0.00,"2359","2359",-6.00,0.00,,0.00,,,,,,
2026,3,7,16,2,2026-07-16,"XX",382,"MSP","Minneapolis, MN","ORD","Chicago, IL","0714","0714",-3.00,0.00,"2359","2359",-6.00,0.00,,0.00,,,,,,
2026,3,7,16,2,2026-07-16,"XX",383,"MSP","Minneapolis, MN","ORD","Chicago, IL","0721","0721",-3.00,0.00,"2359","2359",-6.00,0.00,,0.00,,,,,,
2026,3,7,16,2,2026-07-16,"XX",384,"MSP","Minneapolis, MN","ORD","Chicago, IL","0728","0728",-3.00,0.00,"2359","2359",-6.00,0.00,,0.00,,,,,,
2026,3,7,16,2,2026-07-16,"XX",385,"MSP","Minneapolis, MN","ORD","Chicago, IL","0735","0735",-3.00,0.00,"2359","2359",-6.00,0.00,,0.00,,,,,,
2026,3,7,16,2,2026-07-16,"XX",386,"MSP","Minneapolis, MN","ORD","Chicago, IL","0742","0742",-3.00,0.00,"2359","2359",-6.00,0.00,,0.00,,,,,,
2026,3,7,16,2,2026-07-16,"XX",387,"MSP","Minneapolis, MN","ORD","Chicago, IL","0749","0749",-3.00,0.00,"2359","2359",-6.00,0.00,,0.00,,,,,,
2026,3,7,16,2,2026-07-16,"XX",388,"MSP","Minneapolis, MN","ORD","Chicago, IL","0800","0800",-3.00,0.00,"2359","2359",-6.00,0.00,,0.00,,,,,,
2026,3,7,16,2,2026-07-16,"XX",389,"MSP","Minneapolis, MN","ORD","Chicago, IL","0807","0807",-3.00,0.00,"2359","2359",-6.00,0.00,,0.00,,,,,,
2026,3,7,16,2,2026-07-16,"XX",390,"MSP","Minneapolis, MN","ORD","Chicago, IL","0814","0814",-3.00,0.00,"2359","2359",-6.00,0.00,,0.00,,,,,,
2026,3,7,16,2,2026-07-16,"XX",391,"MSP","Minneapolis, MN","ORD","Chicago, IL","0821","0821",-3.00,0.00,"2359","2359",-6.00,0.00,,0.00,,,,,,
2026,3,7,16,2,2026-07-16,"XX",392,"MSP","Minneapolis, MN","ORD","Chicago, IL","0828","0828",-3.00,0.00,"2359","2359",-6.00,0.00,,0.00,,,,,,
2026,3,7,16,2,2026-07-16,"XX",393,"MSP","Minneapolis, MN","ORD","Chicago, IL","0835","0835",-3.00,0.00,"2359","2359",-6.00,0.00,,0.00,,,,,,
2026,3,7,16,2,2026-07-16,"XX",394,"MSP","Minneapolis, MN","ORD","Chicago, IL","0842","0842",-3.00,0.00,"2359","2359",-6.00,0.00,,0.00,,,,,,
2026,3,7,16,2,2026-07-16,"XX",395,"MSP","Minneapolis, MN","ORD","Chicago, IL","0849","0849",-3.00,0.00,"2359","2359",-6.00,0.00,,0.00,,,,,,
2026,3,7,16,2,2026-07-16,"XX",396,"MSP","Minneapolis, MN","ORD","Chicago, IL","0900","0900",-3.00,0.00,"2359","2359",-6.00,0.00,,0.00,,,,,,
2026,3,7,16,2,2026-07-16,"XX",397,"MSP","Minneapolis, MN","ORD","Chicago, IL","0907","0907",-3.00,0.00,"2359","2359",-6.00,0.00,,0.00,,,,,,
2026,3,7,16,2,2026-07-16,"XX",398,"MSP","Minneapolis, MN","ORD","Chicago, IL","0914","0914",-3.00,0.00,"2359","2359",-6.00,0.00,,0.00,,,,,,
2026,3,7,16,2,2026-07-16,"XX",399,"MSP","Minneapolis, MN","ORD","Chicago, IL","0921","0921",-3.00,0.00,"2359","2359",-6.00,0.00,,0.00,,,,,,
2026,3,7,16,2,2026-07-16,"XX",400,"MSP","Minneapolis, MN","ORD","Chicago, IL","0928","0928",-3.00,0.00,"2359","2359",-6.00,0.00,,0.00,,,,,,
2026,3,7,16,2,2026-07-16,"XX",401,"MSP","Minneapolis, MN","ORD","Chicago, IL","0935","0935",-3.00,0.00,"2359","2359",-6.00,0.00,,0.00,,,,,,
2026,3,7,16,2,2026-07-16,"XX",402,"MSP","Minneapolis, MN","ORD","Chicago, IL","0942","0942",-3.00,0.00,"2359","2359",-6.00,0.00,,0.00,,,,,,
2026,3,7,16,2,2026-07-16,"XX",403,"MSP","Minneapolis, MN","ORD","Chicago, IL","0949","0949",22.00,1.00,"2359","2359",18.00,0.00,,0.00,18.00,0.00,0.00,0.00,0.00,
2026,3,7,16,2,2026-07-16,"XX",404,"MSP","Minneapolis, MN","ORD","Chicago, IL","1000","1000",-3.00,0.00,"2359","2359",-6.00,0.00,,0.00,,,,,,
2026,3,7,16,2,2026-07-16,"XX",405,"MSP","Minneapolis, MN","ORD","Chicago, IL","1007","1007",-3.00,0.00,"2359","2359",-6.00,0.00,,0.00,,,,,,
2026,3,7,16,2,2026-07-16,"XX",406,"MSP","Minneapolis, MN","ORD","Chicago, IL","1014","1014",-3.00,0.00,"2359","2359",-6.00,0.00,,0.00,,,,,,
2026,3,7,16,2,2026-07-16,"XX",407,"MSP","Minneapolis, MN","ORD","Chicago, IL","1021","1021",-3.00,0.00,"2359","2359",-6.00,0.00,,0.00,,,,,,
2026,3,7,16,2,2026-07-16,"XX",408,"MSP","Minneapolis, MN","ORD","Chicago, IL","1028","1028",-3.00,0.00,"2359","2359",-6.00,0.00,,0.00,,,,,,
2026,3,7,16,2,2026-07-16,"XX",409,"MSP","Minneapolis, MN","ORD","Chicago, IL","1035","1035",-3.00,0.00,"2359","2359",-6.00,0.00,,0.00,,,,,,
2026,3,7,16,2,2026-07-16,"XX",410,"MSP","Minneapolis, MN","ORD","Chicago, IL","1042","1042",-3.00,0.00,"2359","2359",-6.00,0.00,,0.00,,,,,,
2026,3,7,16,2,2026-07-16,"XX",411,"MSP","Minneapolis, MN","ORD","Chicago, IL","1049","1049",-3.00,0.00,"2359","2359",-6.00,0.00,,0.00,,,,,,
2026,3,7,16,2,2026-07-16,"XX",412,"MSP","Minneapolis, MN","ORD","Chicago, IL","1100","1100",48.00,1.00,"2359","2359",41.00,0.00,,0.00,0.00,0.00,41.00,0.00,0.00,
2026,3,7,16,2,2026-07-16,"XX",413,"MSP","Minneapolis, MN","ORD","Chicago, IL","1107","1107",-3.00,0.00,"2359","2359",-6.00,0.00,,0.00,,,,,,
2026,3,7,16,2,2026-07-16,"XX",414,"MSP","Minneapolis, MN","ORD","Chicago, IL","1114","1114",-3.00,0.00,"2359","2359",-6.00,0.00,,0.00,,,,,,
2026,3,7,16,2,2026-07-16,"XX",415,"MSP","Minneapolis, MN","ORD","Chicago, IL","1121","1121",-3.00,0.00,"2359","2359",-6.00,0.00,,0.00,,,,,,
2026,3,7,16,2,2026-07-16,"XX",416,"MSP","Minneapolis, MN","ORD","Chicago, IL","1128","1128",-3.00,0.00,"2359","2359",-6.00,0.00,,0.00,,,,,,
2026,3,7,16,2,2026-07-16,"XX",417,"MSP","Minneapolis, MN","ORD","Chicago, IL","1135","1135",-3.00,0.00,"2359","2359",-6.00,0.00,,0.00,,,,,,
2026,3,7,16,2,2026-07-16,"XX",418,"MSP","Minneapolis, MN","ORD","Chicago, IL","1142","1142",-3.00,0.00,"2359","2359",-6.00,0.00,,0.00,,,,,,
2026,3,7,16,2,2026-07-16,"XX",419,"MSP","Minneapolis, MN","ORD","Chicago, IL","1149","1149",-3.00,0.00,"2359","2359",-6.00,0.00,,0.00,,,,,,
2026,3,7,16,2,2026-07-16,"XX",420,"MSP","Minneapolis, MN","ORD","Chicago, IL","1200","1200",48.00,1.00,"2359","2359",41.00,0.00,,0.00,0.00,0.00,41.00,0.00,0.00,
2026,3,7,16,2,2026-07-16,"XX",421,"MSP","Minneapolis, MN","ORD","Chicago, IL","1207","1207",-3.00,0.00,"2359","2359",-6.00,0.00,,0.00,,,,,,
2026,3,7,16,2,2026-07-16,"XX",422,"MSP","Minneapolis, MN","ORD","Chicago, IL","1214","1214",-3.00,0.00,"2359","2359",-6.00,0.00,,0.00,,,,,,
2026,3,7,16,2,2026-07-16,"XX",423,"MSP","Minneapolis, MN","ORD","Chicago, IL","1221","1221",-3.00,0.00,"2359","2359",-6.00,0.00,,0.00,,,,,,
2026,3,7,16,2,2026-07-16,"XX",424,"MSP","Minneapolis, MN","ORD","Chicago, IL","1228","1228",-3.00,0.00,"2359","2359",-6.00,0.00,,0.00,,,,,,
2026,3,7,16,2,2026-07-16,"XX",425,"MSP","Minneapolis, MN","ORD","Chicago, IL","1235","1235",-3.00,0.00,"2359","2359",-6.00,0.00,,0.00,,,,,,
2026,3,7,16,2,2026-07-16,"XX",426,"MSP","Minneapolis, MN","ORD","Chicago, IL","1242","1242",-3.00,0.00,"2359","2359",-6.00,0.00,,0.00,,,,,,
2026,3,7,16,2,2026-07-16,"XX",427,"MSP","Minneapolis, MN","ORD","Chicago, IL","1249","1249",22.00,1.00,"2359","2359",18.00,0.00,,0.00,18.00,0.00,0.00,0.00,0.00,
2026,3,7,16,2,2026-07-16,"XX",428,"MSP","Minneapolis, MN","ORD","Chicago, IL","1300","1300",48.00,1.00,"2359","2359",41.00,0.00,,0.00,0.00,0.00,41.00,0.00,0.00,
2026,3,7,16,2,2026-07-16,"XX",429,"MSP","Minneapolis, MN","ORD","Chicago, IL","1307","1307",-3.00,0.00,"2359","2359",-6.00,0.00,,0.00,,,,,,
2026,3,7,16,2,2026-07-16,"XX",430,"MSP","Minneapolis, MN","ORD","Chicago, IL","1314","1314",-3.00,0.00,"2359","2359",-6.00,0.00,,0.00,,,,,,
2026,3,7,16,2,2026-07-16,"XX",431,"MSP","Minneapolis, MN","ORD","Chicago, IL","1321","1321",-3.00,0.00,"2359","2359",-6.00,0.00,,0.00,,,,,,
2026,3,7,16,2,2026-07-16,"XX",432,"MSP","Minneapolis, MN","ORD","Chicago, IL","1328","1328",-3.00,0.00,"2359","2359",-6.00,0.00,,0.00,,,,,,
2026,3,7,16,2,2026-07-16,"XX",433,"MSP","Minneapolis, MN","ORD","Chicago, IL","1335","1335",-3.00,0.00,"2359","2359",-6.00,0.00,,0.00,,,,,,
2026,3,7,16,2,2026-07-16,"XX",434,"MSP","Minneapolis, MN","ORD","Chicago, IL","1342","1342",-3.00,0.00,"2359","2359",-6.00,0.00,,0.00,,,,,,
2026,3,7,16,2,2026-07-16,"XX",435,"MSP","Minneapolis, MN","ORD","Chicago, IL","1349","1349",-3.00,0.00,"2359","2359",-6.00,0.00,,0.00,,,,,,
2026,3,7,16,2,2026-07-16,"XX",436,"MSP","Minneapolis, MN","ORD","Chicago, IL","1400","1400",48.00,1.00,"2359","2359",41.00,0.00,,0.00,0.00,0.00,41.00,0.00,0.00,
2026,3,7,16,2,2026-07-16,"XX",437,"MSP","Minneapolis, MN","ORD","Chicago, IL","1407","1407",-3.00,0.00,"2359","2359",-6.00,0.00,,0.00,,,,,,
2026,3,7,16,2,2026-07-16,"XX",438,"MSP","Minneapolis, MN","ORD","Chicago, IL","1414","1414",-3.00,0.00,"2359","2359",-6.00,0.00,,0.00,,,,,,
2026,3,7,16,2,2026-07-16,"XX",439,"MSP","Minneapolis, MN","ORD","Chicago, IL","1421","1421",-3.00,0.00,"2359","2359",-6.00,0.00,,0.00,,,,,,
2026,3,7,16,2,2026-07-16,"XX",440,"MSP","Minneapolis, MN","ORD","Chicago, IL","1428","1428",-3.00,0.00,"2359","2359",-6.00,0.00,,0.00,,,,,,
2026,3,7,16,2,2026-07-16,"XX",441,"MSP","Minneapolis, MN","ORD","Chicago, IL","1435","1435",-3.00,0.00,"2359","2359",-6.00,0.00,,0.00,,,,,,
2026,3,7,16,2,2026-07-16,"XX",442,"MSP","Minneapolis, MN","ORD","Chicago, IL","1442","1442",-3.00,0.00,"2359","2359",-6.00,0.00,,0.00,,,,,,
2026,3,7,16,2,2026-07-16,"XX",443,"MSP","Minneapolis, MN","ORD","Chicago, IL","1449","1449",-3.00,0.00,"2359","2359",-6.00,0.00,,0.00,,,,,,
2026,3,7,16,2,2026-07-16,"XX",444,"MSP","Minneapolis, MN","ORD","Chicago, IL","1500","1500",48.00,1.00,"2359","2359",41.00,0.00,,0.00,0.00,0.00,41.00,0.00,0.00,
2026,3,7,16,2,2026-07-16,"XX",445,"MSP","Minneapolis, MN","ORD","Chicago, IL","1507","1507",-3.00,0.00,"2359","2359",-6.00,0.00,,0.00,,,,,,
2026,3,7,16,2,2026-07-16,"XX",446,"MSP","Minneapolis, MN","ORD","Chicago, IL","1514","1514",-3.00,0.00,"2359","2359",-6.00,0.00,,0.00,,,,,,
2026,3,7,16,2,2026-07-16,"XX",447,"MSP","Minneapolis, MN","ORD","Chicago, IL","1521","1521",-3.00,0.00,"2359","2359",-6.00,0.00,,0.00,,,,,,
2026,3,7,16,2,2026-07-16,"XX",448,"MSP","Minneapolis, MN","ORD","Chicago, IL","1528","1528",-3.00,0.00,"2359","2359",-6.00,0.00,,0.00,,,,,,
2026,3,7,16,2,2026-07-16,"XX",449,"MSP","Minneapolis, MN","ORD","Chicago, IL","1535","1535",-3.00,0.00,"2359","2359",-6.00,0.00,,0.00,,,,,,
2026,3,7,16,2,2026-07-16,"XX",450,"MSP","Minneapolis, MN","ORD","Chicago, IL","1542","1542",-3.00,0.00,"2359","2359",-6.00,0.00,,0.00,,,,,,
2026,3,7,16,2,2026-07-16,"XX",451,"MSP","Minneapolis, MN","ORD","Chicago, IL","1549","1549",22.00,1.00,"2359","2359",18.00,0.00,,0.00,18.00,0.00,0.00,0.00,0.00,
2026,3,7,16,2,2026-07-16,"XX",452,"MSP","Minneapolis, MN","ORD","Chicago, IL","1600","1600",48.00,1.00,"2359","2359",41.00,0.00,,0.00,0.00,0.00,41.00,0.00,0.00,
2026,3,7,16,2,2026-07-16,"XX",453,"MSP","Minneapolis, MN","ORD","Chicago, IL","1607","1607",-3.00,0.00,"2359","2359",-6.00,0.00,,0.00,,,,,,
2026,3,7,16,2,2026-07-16,"XX",454,"MSP","Minneapolis, MN","ORD","Chicago, IL","1614","1614",-3.00,0.00,"2359","2359",-6.00,0.00,,0.00,,,,,,
2026,3,7,16,2,2026-07-16,"XX",455,"MSP","Minneapolis, MN","ORD","Chicago, IL","1621","1621",-3.00,0.00,"2359","2359",-6.00,0.00,,0.00,,,,,,
2026,3,7,16,2,2026-07-16,"XX",456,"MSP","Minneapolis, MN","ORD","Chicago, IL","1628","1628",-3.00,0.00,"2359","2359",-6.00,0.00,,0.00,,,,,,
2026,3,7,16,2,2026-07-16,"XX",457,"MSP","Minneapolis, MN","ORD","Chicago, IL","1635","1635",-3.00,0.00,"2359","2359",-6.00,0.00,,0.00,,,,,,
2026,3,7,16,2,2026-07-16,"XX",458,"MSP","Minneapolis, MN","ORD","Chicago, IL","1642","1642",-3.00,0.00,"2359","2359",-6.00,0.00,,0.00,,,,,,
2026,3,7,16,2,2026-07-16,"XX",459,"MSP","Minneapolis, MN","ORD","Chicago, IL","1649","1649",-3.00,0.00,"2359","2359",-6.00,0.00,,0.00,,,,,,
2026,3,7,16,2,2026-07-16,"XX",460,"MSP","Minneapolis, MN","ORD","Chicago, IL","1700","1700",-3.00,0.00,"2359","2359",-6.00,0.00,,0.00,,,,,,
2026,3,7,16,2,2026-07-16,"XX",461,"MSP","Minneapolis, MN","ORD","Chicago, IL","1707","1707",-3.00,0.00,"2359","2359",-6.00,0.00,,0.00,,,,,,
2026,3,7,16,2,2026-07-16,"XX",462,"MSP","Minneapolis, MN","ORD","Chicago, IL","1714","1714",-3.00,0.00,"2359","2359",-6.00,0.00,,0.00,,,,,,
2026,3,7,16,2,2026-07-16,"XX",463,"MSP","Minneapolis, MN","ORD","Chicago, IL","1721","1721",-3.00,0.00,"2359","2359",-6.00,0.00,,0.00,,,,,,
2026,3,7,16,2,2026-07-16,"XX",464,"MSP","Minneapolis, MN","ORD","Chicago, IL","1728","1728",-3.00,0.00,"2359","2359",-6.00,0.00,,0.00,,,,,,
2026,3,7,16,2,2026-07-16,"XX",465,"MSP","Minneapolis, MN","ORD","Chicago, IL","1735","1735",-3.00,0.00,"2359","2359",-6.00,0.00,,0.00,,,,,,
2026,3,7,16,2,2026-07-16,"XX",466,"MSP","Minneapolis, MN","ORD","Chicago, IL","1742","1742",-3.00,0.00,"2359","2359",-6.00,0.00,,0.00,,,,,,
2026,3,7,16,2,2026-07-16,"XX",467,"MSP","Minneapolis, MN","ORD","Chicago, IL","1749","1749",-3.00,0.00,"2359","2359",-6.00,0.00,,0.00,,,,,,
2026,3,7,16,2,2026-07-16,"XX",468,"MSP","Minneapolis, MN","ORD","Chicago, IL","1800","1800",-3.00,0.00,"2359","2359",-6.00,0.00,,0.00,,,,,,
2026,3,7,16,2,2026-07-16,"XX",469,"MSP","Minneapolis, MN","ORD","Chicago, IL","1807","1807",-3.00,0.00,"2359","2359",-6.00,0.00,,0.00,,,,,,
2026,3,7,16,2,2026-07-16,"XX",470,"MSP","Minneapolis, MN","ORD","Chicago, IL","1814","1814",-3.00,0.00,"2359","2359",-6.00,0.00,,0.00,,,,,,
2026,3,7,16,2,2026-07-16,"XX",471,"MSP","Minneapolis, MN","ORD","Chicago, IL","1821","1821",-3.00,0.00,"2359","2359",-6.00,0.00,,0.00,,,,,,
2026,3,7,16,2,2026-07-16,"XX",472,"MSP","Minneapolis, MN","ORD","Chicago, IL","1828","1828",-3.00,0.00,"2359","2359",-6.00,0.00,,0.00,,,,,,
2026,3,7,16,2,2026-07-16,"XX",473,"MSP","Minneapolis, MN","ORD","Chicago, IL","1835","1835",-3.00,0.00,"2359","2359",-6.00,0.00,,0.00,,,,,,
2026,3,7,16,2,2026-07-16,"XX",474,"MSP","Minneapolis, MN","ORD","Chicago, IL","1842","1842",-3.00,0.00,"2359","2359",-6.00,0.00,,0.00,,,,,,
2026,3,7,16,2,2026-07-16,"XX",475,"MSP","Minneapolis, MN","ORD","Chicago, IL","1849","1849",22.00,1.00,"2359","2359",18.00,0.00,,0.00,18.00,0.00,0.00,0.00,0.00,
2026,3,7,16,2,2026-07-16,"XX",476,"MSP","Minneapolis, MN","ORD","Chicago, IL","1900","1900",-3.00,0.00,"2359","2359",-6.00,0.00,,0.00,,,,,,
2026,3,7,16,2,2026-07-16,"XX",477,"MSP","Minneapolis, MN","ORD","Chicago, IL","1907","1907",-3.00,0.00,"2359","2359",-6.00,0.00,,0.00,,,,,,
2026,3,7,16,2,2026-07-16,"XX",478,"MSP","Minneapolis, MN","ORD","Chicago, IL","1914","1914",-3.00,0.00,"2359","2359",-6.00,0.00,,0.00,,,,,,
2026,3,7,16,2,2026-07-16,"XX",479,"MSP","Minneapolis, MN","ORD","Chicago, IL","1921","1921",-3.00,0.00,"2359","2359",-6.00,0.00,,0.00,,,,,,
2026,3,7,16,2,2026-07-16,"XX",480,"MSP","Minneapolis, MN","ORD","Chicago, IL","1928","1928",-3.00,0.00,"2359","2359",-6.00,0.00,,0.00,,,,,,
2026,3,7,16,2,2026-07-16,"XX",481,"MSP","Minneapolis, MN","ORD","Chicago, IL","1935","1935",-3.00,0.00,"2359","2359",-6.00,0.00,,0.00,,,,,,
2026,3,7,16,2,2026-07-16,"XX",482,"MSP","Minneapolis, MN","ORD","Chicago, IL","1942","1942",-3.00,0.00,"2359","2359",-6.00,0.00,,0.00,,,,,,
2026,3,7,16,2,2026-07-16,"XX",483,"MSP","Minneapolis, MN","ORD","Chicago, IL","1949","1949",-3.00,0.00,"2359","2359",-6.00,0.00,,0.00,,,,,,
2026,3,7,16,2,2026-07-16,"XX",484,"MSP","Minneapolis, MN","ORD","Chicago, IL","2000","2000",-3.00,0.00,"2359","2359",-6.00,0.00,,0.00,,,,,,
2026,3,7,16,2,2026-07-16,"XX",485,"MSP","Minneapolis, MN","ORD","Chicago, IL","2007","2007",-3.00,0.00,"2359","2359",-6.00,0.00,,0.00,,,,,,
2026,3,7,16,2,2026-07-16,"XX",486,"MSP","Minneapolis, MN","ORD","Chicago, IL","2014","2014",-3.00,0.00,"2359","2359",-6.00,0.00,,0.00,,,,,,
2026,3,7,16,2,2026-07-16,"XX",487,"MSP","Minneapolis, MN","ORD","Chicago, IL","2021","2021",-3.00,0.00,"2359","2359",-6.00,0.00,,0.00,,,,,,
2026,3,7,16,2,2026-07-16,"XX",488,"MSP","Minneapolis, MN","ORD","Chicago, IL","2028","2028",-3.00,0.00,"2359","2359",-6.00,0.00,,0.00,,,,,,
2026,3,7,16,2,2026-07-16,"XX",489,"MSP","Minneapolis, MN","ORD","Chicago, IL","2035","2035",-3.00,0.00,"2359","2359",-6.00,0.00,,0.00,,,,,,
2026,3,7,16,2,2026-07-16,"XX",490,"MSP","Minneapolis, MN","ORD","Chicago, IL","2042","2042",-3.00,0.00,"2359","2359",-6.00,0.00,,0.00,,,,,,
2026,3,7,16,2,2026-07-16,"XX",491,"MSP","Minneapolis, MN","ORD","Chicago, IL","2049","2049",-3.00,0.00,"2359","2359",-6.00,0.00,,0.00,,,,,,
2026,3,7,16,2,2026-07-16,"XX",492,"MSP","Minneapolis, MN","ORD","Chicago, IL","2100","2100",-3.00,0.00,"2359","2359",-6.00,0.00,,0.00,,,,,,
2026,3,7,16,2,2026-07-16,"XX",493,"MSP","Minneapolis, MN","ORD","Chicago, IL","2107","2107",-3.00,0.00,"2359","2359",-6.00,0.00,,0.00,,,,,,
2026,3,7,16,2,2026-07-16,"XX",494,"MSP","Minneapolis, MN","ORD","Chicago, IL","2114","2114",-3.00,0.00,"2359","2359",-6.00,0.00,,0.00,,,,,,
2026,3,7,16,2,2026-07-16,"XX",495,"MSP","Minneapolis, MN","ORD","Chicago, IL","2121","2121",-3.00,0.00,"2359","2359",-6.00,0.00,,0.00,,,,,,
2026,3,7,16,2,2026-07-16,"XX",496,"MSP","Minneapolis, MN","ORD","Chicago, IL","2128","2128",-3.00,0.00,"2359","2359",-6.00,0.00,,0.00,,,,,,
2026,3,7,16,2,2026-07-16,"XX",497,"MSP","Minneapolis, MN","ORD","Chicago, IL","2135","2135",-3.00,0.00,"2359","2359",-6.00,0.00,,0.00,,,,,,
2026,3,7,16,2,2026-07-16,"XX",498,"MSP","Minneapolis, MN","ORD","Chicago, IL","2142","2142",-3.00,0.00,"2359","2359",-6.00,0.00,,0.00,,,,,,
2026,3,7,16,2,2026-07-16,"XX",499,"MSP","Minneapolis, MN","ORD","Chicago, IL","2149","2149",22.00,1.00,"2359","2359",18.00,0.00,,0.00,18.00,0.00,0.00,0.00,0.00,
2026,3,7,16,2,2026-07-16,"XX",500,"MSP","Minneapolis, MN","ORD","Chicago, IL","2200","2200",-3.00,0.00,"2359","2359",-6.00,0.00,,0.00,,,,,,
2026,3,7,16,2,2026-07-16,"XX",501,"MSP","Minneapolis, MN","ORD","Chicago, IL","2207","2207",-3.00,0.00,"2359","2359",-6.00,0.00,,0.00,,,,,,
2026,3,7,16,2,2026-07-16,"XX",502,"MSP","Minneapolis, MN","ORD","Chicago, IL","2214","2214",-3.00,0.00,"2359","2359",-6.00,0.00,,0.00,,,,,,
2026,3,7,16,2,2026-07-16,"XX",503,"MSP","Minneapolis, MN","ORD","Chicago, IL","2221","2221",-3.00,0.00,"2359","2359",-6.00,0.00,,0.00,,,,,,
2026,3,7,16,2,2026-07-16,"XX",504,"MSP","Minneapolis, MN","ORD","Chicago, IL","2228","2228",-3.00,0.00,"2359","2359",-6.00,0.00,,0.00,,,,,,
2026,3,7,16,2,2026-07-16,"XX",505,"MSP","Minneapolis, MN","ORD","Chicago, IL","2235","2235",-3.00,0.00,"2359","2359",-6.00,0.00,,0.00,,,,,,
2026,3,7,16,2,2026-07-16,"XX",506,"MSP","Minneapolis, MN","ORD","Chicago, IL","2242","2242",-3.00,0.00,"2359","2359",-6.00,0.00,,0.00,,,,,,
2026,3,7,16,2,2026-07-16,"XX",507,"MSP","Minneapolis, MN","ORD","Chicago, IL","2249","2249",-3.00,0.00,"2359","2359",-6.00,0.00,,0.00,,,,,,
2026,3,7,14,2,2026-07-14,"XX",508,"DFW","Dallas/Fort Worth, TX","ORD","Chicago, IL","0600","0600",-3.00,0.00,"2359","2359",-6.00,0.00,,0.00,,,,,,
2026,3,7,14,2,2026-07-14,"XX",509,"DFW","Dallas/Fort Worth, TX","ORD","Chicago, IL","0607","0607",-3.00,0.00,"2359","2359",-6.00,0.00,,0.00,,,,,,
2026,3,7,14,2,2026-07-14,"XX",510,"DFW","Dallas/Fort Worth, TX","ORD","Chicago, IL","0614","0614",-3.00,0.00,"2359","2359",-6.00,0.00,,0.00,,,,,,
2026,3,7,14,2,2026-07-14,"XX",511,"DFW","Dallas/Fort Worth, TX","ORD","Chicago, IL","0621","0621",-3.00,0.00,"2359","2359",-6.00,0.00,,0.00,,,,,,
2026,3,7,14,2,2026-07-14,"XX",512,"DFW","Dallas/Fort Worth, TX","ORD","Chicago, IL","0628","0628",-3.00,0.00,"2359","2359",-6.00,0.00,,0.00,,,,,,
2026,3,7,14,2,2026-07-14,"XX",513,"DFW","Dallas/Fort Worth, TX","ORD","Chicago, IL","0635","0635",-3.00,0.00,"2359","2359",-6.00,0.00,,0.00,,,,,,
2026,3,7,14,2,2026-07-14,"XX",514,"DFW","Dallas/Fort Worth, TX","ORD","Chicago, IL","0642","0642",-3.00,0.00,"2359","2359",-6.00,0.00,,0.00,,,,,,
2026,3,7,14,2,2026-07-14,"XX",515,"DFW","Dallas/Fort Worth, TX","ORD","Chicago, IL","0649","0649",-3.00,0.00,"2359","2359",-6.00,0.00,,0.00,,,,,,
2026,3,7,14,2,2026-07-14,"XX",516,"DFW","Dallas/Fort Worth, TX","ORD","Chicago, IL","0656","0656",-3.00,0.00,"2359","2359",-6.00,0.00,,0.00,,,,,,
2026,3,7,14,2,2026-07-14,"XX",517,"DFW","Dallas/Fort Worth, TX","ORD","Chicago, IL","0603","0603",-3.00,0.00,"2359","2359",-6.00,0.00,,0.00,,,,,,
2026,3,7,14,2,2026-07-14,"XX",518,"DFW","Dallas/Fort Worth, TX","ORD","Chicago, IL","0610","0610",-3.00,0.00,"2359","2359",-6.00,0.00,,0.00,,,,,,
2026,3,7,14,2,2026-07-14,"XX",519,"DFW","Dallas/Fort Worth, TX","ORD","Chicago, IL","0617","0617",22.00,1.00,"2359","2359",18.00,0.00,,0.00,18.00,0.00,0.00,0.00,0.00,
2026,3,7,14,2,2026-07-14,"XX",520,"DFW","Dallas/Fort Worth, TX","ORD","Chicago, IL","0700","0700",-3.00,0.00,"2359","2359",-6.00,0.00,,0.00,,,,,,
2026,3,7,14,2,2026-07-14,"XX",521,"DFW","Dallas/Fort Worth, TX","ORD","Chicago, IL","0707","0707",-3.00,0.00,"2359","2359",-6.00,0.00,,0.00,,,,,,
2026,3,7,14,2,2026-07-14,"XX",522,"DFW","Dallas/Fort Worth, TX","ORD","Chicago, IL","0714","0714",-3.00,0.00,"2359","2359",-6.00,0.00,,0.00,,,,,,
2026,3,7,14,2,2026-07-14,"XX",523,"DFW","Dallas/Fort Worth, TX","ORD","Chicago, IL","0721","0721",-3.00,0.00,"2359","2359",-6.00,0.00,,0.00,,,,,,
2026,3,7,14,2,2026-07-14,"XX",524,"DFW","Dallas/Fort Worth, TX","ORD","Chicago, IL","0728","0728",-3.00,0.00,"2359","2359",-6.00,0.00,,0.00,,,,,,
2026,3,7,14,2,2026-07-14,"XX",525,"DFW","Dallas/Fort Worth, TX","ORD","Chicago, IL","0735","0735",-3.00,0.00,"2359","2359",-6.00,0.00,,0.00,,,,,,
2026,3,7,14,2,2026-07-14,"XX",526,"DFW","Dallas/Fort Worth, TX","ORD","Chicago, IL","0742","0742",-3.00,0.00,"2359","2359",-6.00,0.00,,0.00,,,,,,
2026,3,7,14,2,2026-07-14,"XX",527,"DFW","Dallas/Fort Worth, TX","ORD","Chicago, IL","0749","0749",-3.00,0.00,"2359","2359",-6.00,0.00,,0.00,,,,,,
2026,3,7,14,2,2026-07-14,"XX",528,"DFW","Dallas/Fort Worth, TX","ORD","Chicago, IL","0756","0756",-3.00,0.00,"2359","2359",-6.00,0.00,,0.00,,,,,,
2026,3,7,14,2,2026-07-14,"XX",529,"DFW","Dallas/Fort Worth, TX","ORD","Chicago, IL","0703","0703",-3.00,0.00,"2359","2359",-6.00,0.00,,0.00,,,,,,
2026,3,7,14,2,2026-07-14,"XX",530,"DFW","Dallas/Fort Worth, TX","ORD","Chicago, IL","0710","0710",-3.00,0.00,"2359","2359",-6.00,0.00,,0.00,,,,,,
2026,3,7,14,2,2026-07-14,"XX",531,"DFW","Dallas/Fort Worth, TX","ORD","Chicago, IL","0717","0717",-3.00,0.00,"2359","2359",-6.00,0.00,,0.00,,,,,,
2026,3,7,14,2,2026-07-14,"XX",532,"DFW","Dallas/Fort Worth, TX","ORD","Chicago, IL","0800","0800",-3.00,0.00,"2359","2359",-6.00,0.00,,0.00,,,,,,
2026,3,7,14,2,2026-07-14,"XX",533,"DFW","Dallas/Fort Worth, TX","ORD","Chicago, IL","0807","0807",-3.00,0.00,"2359","2359",-6.00,0.00,,0.00,,,,,,
2026,3,7,14,2,2026-07-14,"XX",534,"DFW","Dallas/Fort Worth, TX","ORD","Chicago, IL","0814","0814",-3.00,0.00,"2359","2359",-6.00,0.00,,0.00,,,,,,
2026,3,7,14,2,2026-07-14,"XX",535,"DFW","Dallas/Fort Worth, TX","ORD","Chicago, IL","0821","0821",-3.00,0.00,"2359","2359",-6.00,0.00,,0.00,,,,,,
2026,3,7,14,2,2026-07-14,"XX",536,"DFW","Dallas/Fort Worth, TX","ORD","Chicago, IL","0828","0828",-3.00,0.00,"2359","2359",-6.00,0.00,,0.00,,,,,,
2026,3,7,14,2,2026-07-14,"XX",537,"DFW","Dallas/Fort Worth, TX","ORD","Chicago, IL","0835","0835",-3.00,0.00,"2359","2359",-6.00,0.00,,0.00,,,,,,
2026,3,7,14,2,2026-07-14,"XX",538,"DFW","Dallas/Fort Worth, TX","ORD","Chicago, IL","0842","0842",-3.00,0.00,"2359","2359",-6.00,0.00,,0.00,,,,,,
2026,3,7,14,2,2026-07-14,"XX",539,"DFW","Dallas/Fort Worth, TX","ORD","Chicago, IL","0849","0849",-3.00,0.00,"2359","2359",-6.00,0.00,,0.00,,,,,,
2026,3,7,14,2,2026-07-14,"XX",540,"DFW","Dallas/Fort Worth, TX","ORD","Chicago, IL","0856","0856",-3.00,0.00,"2359","2359",-6.00,0.00,,0.00,,,,,,
2026,3,7,14,2,2026-07-14,"XX",541,"DFW","Dallas/Fort Worth, TX","ORD","Chicago, IL","0803","0803",-3.00,0.00,"2359","2359",-6.00,0.00,,0.00,,,,,,
2026,3,7,14,2,2026-07-14,"XX",542,"DFW","Dallas/Fort Worth, TX","ORD","Chicago, IL","0810","0810",-3.00,0.00,"2359","2359",-6.00,0.00,,0.00,,,,,,
2026,3,7,14,2,2026-07-14,"XX",543,"DFW","Dallas/Fort Worth, TX","ORD","Chicago, IL","0817","0817",-3.00,0.00,"2359","2359",-6.00,0.00,,0.00,,,,,,
2026,3,7,14,2,2026-07-14,"XX",544,"DFW","Dallas/Fort Worth, TX","ORD","Chicago, IL","0900","0900",-3.00,0.00,"2359","2359",-6.00,0.00,,0.00,,,,,,
2026,3,7,14,2,2026-07-14,"XX",545,"DFW","Dallas/Fort Worth, TX","ORD","Chicago, IL","0907","0907",-3.00,0.00,"2359","2359",-6.00,0.00,,0.00,,,,,,
2026,3,7,14,2,2026-07-14,"XX",546,"DFW","Dallas/Fort Worth, TX","ORD","Chicago, IL","0914","0914",-3.00,0.00,"2359","2359",-6.00,0.00,,0.00,,,,,,
2026,3,7,14,2,2026-07-14,"XX",547,"DFW","Dallas/Fort Worth, TX","ORD","Chicago, IL","0921","0921",-3.00,0.00,"2359","2359",-6.00,0.00,,0.00,,,,,,
2026,3,7,14,2,2026-07-14,"XX",548,"DFW","Dallas/Fort Worth, TX","ORD","Chicago, IL","0928","0928",-3.00,0.00,"2359","2359",-6.00,0.00,,0.00,,,,,,
2026,3,7,14,2,2026-07-14,"XX",549,"DFW","Dallas/Fort Worth, TX","ORD","Chicago, IL","0935","0935",-3.00,0.00,"2359","2359",-6.00,0.00,,0.00,,,,,,
2026,3,7,14,2,2026-07-14,"XX",550,"DFW","Dallas/Fort Worth, TX","ORD","Chicago, IL","0942","0942",-3.00,0.00,"2359","2359",-6.00,0.00,,0.00,,,,,,
2026,3,7,14,2,2026-07-14,"XX",551,"DFW","Dallas/Fort Worth, TX","ORD","Chicago, IL","0949","0949",-3.00,0.00,"2359","2359",-6.00,0.00,,0.00,,,,,,
2026,3,7,14,2,2026-07-14,"XX",552,"DFW","Dallas/Fort Worth, TX","ORD","Chicago, IL","0956","0956",-3.00,0.00,"2359","2359",-6.00,0.00,,0.00,,,,,,
2026,3,7,14,2,2026-07-14,"XX",553,"DFW","Dallas/Fort Worth, TX","ORD","Chicago, IL","0903","0903",-3.00,0.00,"2359","2359",-6.00,0.00,,0.00,,,,,,
2026,3,7,14,2,2026-07-14,"XX",554,"DFW","Dallas/Fort Worth, TX","ORD","Chicago, IL","0910","0910",-3.00,0.00,"2359","2359",-6.00,0.00,,0.00,,,,,,
2026,3,7,14,2,2026-07-14,"XX",555,"DFW","Dallas/Fort Worth, TX","ORD","Chicago, IL","0917","0917",22.00,1.00,"2359","2359",18.00,0.00,,0.00,18.00,0.00,0.00,0.00,0.00,
2026,3,7,14,2,2026-07-14,"XX",556,"DFW","Dallas/Fort Worth, TX","ORD","Chicago, IL","1000","1000",-3.00,0.00,"2359","2359",-6.00,0.00,,0.00,,,,,,
2026,3,7,14,2,2026-07-14,"XX",557,"DFW","Dallas/Fort Worth, TX","ORD","Chicago, IL","1007","1007",-3.00,0.00,"2359","2359",-6.00,0.00,,0.00,,,,,,
2026,3,7,14,2,2026-07-14,"XX",558,"DFW","Dallas/Fort Worth, TX","ORD","Chicago, IL","1014","1014",-3.00,0.00,"2359","2359",-6.00,0.00,,0.00,,,,,,
2026,3,7,14,2,2026-07-14,"XX",559,"DFW","Dallas/Fort Worth, TX","ORD","Chicago, IL","1021","1021",-3.00,0.00,"2359","2359",-6.00,0.00,,0.00,,,,,,
2026,3,7,14,2,2026-07-14,"XX",560,"DFW","Dallas/Fort Worth, TX","ORD","Chicago, IL","1028","1028",-3.00,0.00,"2359","2359",-6.00,0.00,,0.00,,,,,,
2026,3,7,14,2,2026-07-14,"XX",561,"DFW","Dallas/Fort Worth, TX","ORD","Chicago, IL","1035","1035",-3.00,0.00,"2359","2359",-6.00,0.00,,0.00,,,,,,
2026,3,7,14,2,2026-07-14,"XX",562,"DFW","Dallas/Fort Worth, TX","ORD","Chicago, IL","1042","1042",-3.00,0.00,"2359","2359",-6.00,0.00,,0.00,,,,,,
2026,3,7,14,2,2026-07-14,"XX",563,"DFW","Dallas/Fort Worth, TX","ORD","Chicago, IL","1049","1049",-3.00,0.00,"2359","2359",-6.00,0.00,,0.00,,,,,,
2026,3,7,14,2,2026-07-14,"XX",564,"DFW","Dallas/Fort Worth, TX","ORD","Chicago, IL","1056","1056",-3.00,0.00,"2359","2359",-6.00,0.00,,0.00,,,,,,
2026,3,7,14,2,2026-07-14,"XX",565,"DFW","Dallas/Fort Worth, TX","ORD","Chicago, IL","1003","1003",-3.00,0.00,"2359","2359",-6.00,0.00,,0.00,,,,,,
2026,3,7,14,2,2026-07-14,"XX",566,"DFW","Dallas/Fort Worth, TX","ORD","Chicago, IL","1010","1010",-3.00,0.00,"2359","2359",-6.00,0.00,,0.00,,,,,,
2026,3,7,14,2,2026-07-14,"XX",567,"DFW","Dallas/Fort Worth, TX","ORD","Chicago, IL","1017","1017",-3.00,0.00,"2359","2359",-6.00,0.00,,0.00,,,,,,
2026,3,7,14,2,2026-07-14,"XX",568,"DFW","Dallas/Fort Worth, TX","ORD","Chicago, IL","1100","1100",-3.00,0.00,"2359","2359",-6.00,0.00,,0.00,,,,,,
2026,3,7,14,2,2026-07-14,"XX",569,"DFW","Dallas/Fort Worth, TX","ORD","Chicago, IL","1107","1107",-3.00,0.00,"2359","2359",-6.00,0.00,,0.00,,,,,,
2026,3,7,14,2,2026-07-14,"XX",570,"DFW","Dallas/Fort Worth, TX","ORD","Chicago, IL","1114","1114",-3.00,0.00,"2359","2359",-6.00,0.00,,0.00,,,,,,
2026,3,7,14,2,2026-07-14,"XX",571,"DFW","Dallas/Fort Worth, TX","ORD","Chicago, IL","1121","1121",-3.00,0.00,"2359","2359",-6.00,0.00,,0.00,,,,,,
2026,3,7,14,2,2026-07-14,"XX",572,"DFW","Dallas/Fort Worth, TX","ORD","Chicago, IL","1128","1128",-3.00,0.00,"2359","2359",-6.00,0.00,,0.00,,,,,,
2026,3,7,14,2,2026-07-14,"XX",573,"DFW","Dallas/Fort Worth, TX","ORD","Chicago, IL","1135","1135",-3.00,0.00,"2359","2359",-6.00,0.00,,0.00,,,,,,
2026,3,7,14,2,2026-07-14,"XX",574,"DFW","Dallas/Fort Worth, TX","ORD","Chicago, IL","1142","1142",-3.00,0.00,"2359","2359",-6.00,0.00,,0.00,,,,,,
2026,3,7,14,2,2026-07-14,"XX",575,"DFW","Dallas/Fort Worth, TX","ORD","Chicago, IL","1149","1149",-3.00,0.00,"2359","2359",-6.00,0.00,,0.00,,,,,,
2026,3,7,14,2,2026-07-14,"XX",576,"DFW","Dallas/Fort Worth, TX","ORD","Chicago, IL","1156","1156",-3.00,0.00,"2359","2359",-6.00,0.00,,0.00,,,,,,
2026,3,7,14,2,2026-07-14,"XX",577,"DFW","Dallas/Fort Worth, TX","ORD","Chicago, IL","1103","1103",-3.00,0.00,"2359","2359",-6.00,0.00,,0.00,,,,,,
2026,3,7,14,2,2026-07-14,"XX",578,"DFW","Dallas/Fort Worth, TX","ORD","Chicago, IL","1110","1110",-3.00,0.00,"2359","2359",-6.00,0.00,,0.00,,,,,,
2026,3,7,14,2,2026-07-14,"XX",579,"DFW","Dallas/Fort Worth, TX","ORD","Chicago, IL","1117","1117",-3.00,0.00,"2359","2359",-6.00,0.00,,0.00,,,,,,
2026,3,7,14,2,2026-07-14,"XX",580,"DFW","Dallas/Fort Worth, TX","ORD","Chicago, IL","1200","1200",-3.00,0.00,"2359","2359",-6.00,0.00,,0.00,,,,,,
2026,3,7,14,2,2026-07-14,"XX",581,"DFW","Dallas/Fort Worth, TX","ORD","Chicago, IL","1207","1207",-3.00,0.00,"2359","2359",-6.00,0.00,,0.00,,,,,,
2026,3,7,14,2,2026-07-14,"XX",582,"DFW","Dallas/Fort Worth, TX","ORD","Chicago, IL","1214","1214",-3.00,0.00,"2359","2359",-6.00,0.00,,0.00,,,,,,
2026,3,7,14,2,2026-07-14,"XX",583,"DFW","Dallas/Fort Worth, TX","ORD","Chicago, IL","1221","1221",-3.00,0.00,"2359","2359",-6.00,0.00,,0.00,,,,,,
2026,3,7,14,2,2026-07-14,"XX",584,"DFW","Dallas/Fort Worth, TX","ORD","Chicago, IL","1228","1228",-3.00,0.00,"2359","2359",-6.00,0.00,,0.00,,,,,,
2026,3,7,14,2,2026-07-14,"XX",585,"DFW","Dallas/Fort Worth, TX","ORD","Chicago, IL","1235","1235",-3.00,0.00,"2359","2359",-6.00,0.00,,0.00,,,,,,
2026,3,7,14,2,2026-07-14,"XX",586,"DFW","Dallas/Fort Worth, TX","ORD","Chicago, IL","1242","1242",-3.00,0.00,"2359","2359",-6.00,0.00,,0.00,,,,,,
2026,3,7,14,2,2026-07-14,"XX",587,"DFW","Dallas/Fort Worth, TX","ORD","Chicago, IL","1249","1249",-3.00,0.00,"2359","2359",-6.00,0.00,,0.00,,,,,,
2026,3,7,14,2,2026-07-14,"XX",588,"DFW","Dallas/Fort Worth, TX","ORD","Chicago, IL","1256","1256",-3.00,0.00,"2359","2359",-6.00,0.00,,0.00,,,,,,
2026,3,7,14,2,2026-07-14,"XX",589,"DFW","Dallas/Fort Worth, TX","ORD","Chicago, IL","1203","1203",-3.00,0.00,"2359","2359",-6.00,0.00,,0.00,,,,,,
2026,3,7,14,2,2026-07-14,"XX",590,"DFW","Dallas/Fort Worth, TX","ORD","Chicago, IL","1210","1210",-3.00,0.00,"2359","2359",-6.00,0.00,,0.00,,,,,,
2026,3,7,14,2,2026-07-14,"XX",591,"DFW","Dallas/Fort Worth, TX","ORD","Chicago, IL","1217","1217",22.00,1.00,"2359","2359",18.00,0.00,,0.00,18.00,0.00,0.00,0.00,0.00,
2026,3,7,14,2,2026-07-14,"XX",592,"DFW","Dallas/Fort Worth, TX","ORD","Chicago, IL","1300","1300",-3.00,0.00,"2359","2359",-6.00,0.00,,0.00,,,,,,
2026,3,7,14,2,2026-07-14,"XX",593,"DFW","Dallas/Fort Worth, TX","ORD","Chicago, IL","1307","1307",-3.00,0.00,"2359","2359",-6.00,0.00,,0.00,,,,,,
2026,3,7,14,2,2026-07-14,"XX",594,"DFW","Dallas/Fort Worth, TX","ORD","Chicago, IL","1314","1314",-3.00,0.00,"2359","2359",-6.00,0.00,,0.00,,,,,,
2026,3,7,14,2,2026-07-14,"XX",595,"DFW","Dallas/Fort Worth, TX","ORD","Chicago, IL","1321","1321",-3.00,0.00,"2359","2359",-6.00,0.00,,0.00,,,,,,
2026,3,7,14,2,2026-07-14,"XX",596,"DFW","Dallas/Fort Worth, TX","ORD","Chicago, IL","1328","1328",-3.00,0.00,"2359","2359",-6.00,0.00,,0.00,,,,,,
2026,3,7,14,2,2026-07-14,"XX",597,"DFW","Dallas/Fort Worth, TX","ORD","Chicago, IL","1335","1335",-3.00,0.00,"2359","2359",-6.00,0.00,,0.00,,,,,,
2026,3,7,14,2,2026-07-14,"XX",598,"DFW","Dallas/Fort Worth, TX","ORD","Chicago, IL","1342","1342",-3.00,0.00,"2359","2359",-6.00,0.00,,0.00,,,,,,
2026,3,7,14,2,2026-07-14,"XX",599,"DFW","Dallas/Fort Worth, TX","ORD","Chicago, IL","1349","1349",-3.00,0.00,"2359","2359",-6.00,0.00,,0.00,,,,,,
2026,3,7,14,2,2026-07-14,"XX",600,"DFW","Dallas/Fort Worth, TX","ORD","Chicago, IL","1356","1356",-3.00,0.00,"2359","2359",-6.00,0.00,,0.00,,,,,,
2026,3,7,14,2,2026-07-14,"XX",601,"DFW","Dallas/Fort Worth, TX","ORD","Chicago, IL","1303","1303",-3.00,0.00,"2359","2359",-6.00,0.00,,0.00,,,,,,
2026,3,7,14,2,2026-07-14,"XX",602,"DFW","Dallas/Fort Worth, TX","ORD","Chicago, IL","1310","1310",-3.00,0.00,"2359","2359",-6.00,0.00,,0.00,,,,,,
2026,3,7,14,2,2026-07-14,"XX",603,"DFW","Dallas/Fort Worth, TX","ORD","Chicago, IL","1317","1317",-3.00,0.00,"2359","2359",-6.00,0.00,,0.00,,,,,,
2026,3,7,14,2,2026-07-14,"XX",604,"DFW","Dallas/Fort Worth, TX","ORD","Chicago, IL","1400","1400",-3.00,0.00,"2359","2359",-6.00,0.00,,0.00,,,,,,
2026,3,7,14,2,2026-07-14,"XX",605,"DFW","Dallas/Fort Worth, TX","ORD","Chicago, IL","1407","1407",-3.00,0.00,"2359","2359",-6.00,0.00,,0.00,,,,,,
2026,3,7,14,2,2026-07-14,"XX",606,"DFW","Dallas/Fort Worth, TX","ORD","Chicago, IL","1414","1414",-3.00,0.00,"2359","2359",-6.00,0.00,,0.00,,,,,,
2026,3,7,14,2,2026-07-14,"XX",607,"DFW","Dallas/Fort Worth, TX","ORD","Chicago, IL","1421","1421",-3.00,0.00,"2359","2359",-6.00,0.00,,0.00,,,,,,
2026,3,7,14,2,2026-07-14,"XX",608,"DFW","Dallas/Fort Worth, TX","ORD","Chicago, IL","1428","1428",-3.00,0.00,"2359","2359",-6.00,0.00,,0.00,,,,,,
2026,3,7,14,2,2026-07-14,"XX",609,"DFW","Dallas/Fort Worth, TX","ORD","Chicago, IL","1435","1435",-3.00,0.00,"2359","2359",-6.00,0.00,,0.00,,,,,,
2026,3,7,14,2,2026-07-14,"XX",610,"DFW","Dallas/Fort Worth, TX","ORD","Chicago, IL","1442","1442",-3.00,0.00,"2359","2359",-6.00,0.00,,0.00,,,,,,
2026,3,7,14,2,2026-07-14,"XX",611,"DFW","Dallas/Fort Worth, TX","ORD","Chicago, IL","1449","1449",-3.00,0.00,"2359","2359",-6.00,0.00,,0.00,,,,,,
2026,3,7,14,2,2026-07-14,"XX",612,"DFW","Dallas/Fort Worth, TX","ORD","Chicago, IL","1456","1456",-3.00,0.00,"2359","2359",-6.00,0.00,,0.00,,,,,,
2026,3,7,14,2,2026-07-14,"XX",613,"DFW","Dallas/Fort Worth, TX","ORD","Chicago, IL","1403","1403",-3.00,0.00,"2359","2359",-6.00,0.00,,0.00,,,,,,
2026,3,7,14,2,2026-07-14,"XX",614,"DFW","Dallas/Fort Worth, TX","ORD","Chicago, IL","1410","1410",-3.00,0.00,"2359","2359",-6.00,0.00,,0.00,,,,,,
2026,3,7,14,2,2026-07-14,"XX",615,"DFW","Dallas/Fort Worth, TX","ORD","Chicago, IL","1417","1417",-3.00,0.00,"2359","2359",-6.00,0.00,,0.00,,,,,,
2026,3,7,14,2,2026-07-14,"XX",616,"DFW","Dallas/Fort Worth, TX","ORD","Chicago, IL","1500","1500",-3.00,0.00,"2359","2359",-6.00,0.00,,0.00,,,,,,
2026,3,7,14,2,2026-07-14,"XX",617,"DFW","Dallas/Fort Worth, TX","ORD","Chicago, IL","1507","1507",-3.00,0.00,"2359","2359",-6.00,0.00,,0.00,,,,,,
2026,3,7,14,2,2026-07-14,"XX",618,"DFW","Dallas/Fort Worth, TX","ORD","Chicago, IL","1514","1514",-3.00,0.00,"2359","2359",-6.00,0.00,,0.00,,,,,,
2026,3,7,14,2,2026-07-14,"XX",619,"DFW","Dallas/Fort Worth, TX","ORD","Chicago, IL","1521","1521",-3.00,0.00,"2359","2359",-6.00,0.00,,0.00,,,,,,
2026,3,7,14,2,2026-07-14,"XX",620,"DFW","Dallas/Fort Worth, TX","ORD","Chicago, IL","1528","1528",-3.00,0.00,"2359","2359",-6.00,0.00,,0.00,,,,,,
2026,3,7,14,2,2026-07-14,"XX",621,"DFW","Dallas/Fort Worth, TX","ORD","Chicago, IL","1535","1535",-3.00,0.00,"2359","2359",-6.00,0.00,,0.00,,,,,,
2026,3,7,14,2,2026-07-14,"XX",622,"DFW","Dallas/Fort Worth, TX","ORD","Chicago, IL","1542","1542",-3.00,0.00,"2359","2359",-6.00,0.00,,0.00,,,,,,
2026,3,7,14,2,2026-07-14,"XX",623,"DFW","Dallas/Fort Worth, TX","ORD","Chicago, IL","1549","1549",-3.00,0.00,"2359","2359",-6.00,0.00,,0.00,,,,,,
2026,3,7,14,2,2026-07-14,"XX",624,"DFW","Dallas/Fort Worth, TX","ORD","Chicago, IL","1556","1556",-3.00,0.00,"2359","2359",-6.00,0.00,,0.00,,,,,,
2026,3,7,14,2,2026-07-14,"XX",625,"DFW","Dallas/Fort Worth, TX","ORD","Chicago, IL","1503","1503",-3.00,0.00,"2359","2359",-6.00,0.00,,0.00,,,,,,
2026,3,7,14,2,2026-07-14,"XX",626,"DFW","Dallas/Fort Worth, TX","ORD","Chicago, IL","1510","1510",-3.00,0.00,"2359","2359",-6.00,0.00,,0.00,,,,,,
2026,3,7,14,2,2026-07-14,"XX",627,"DFW","Dallas/Fort Worth, TX","ORD","Chicago, IL","1517","1517",22.00,1.00,"2359","2359",18.00,0.00,,0.00,18.00,0.00,0.00,0.00,0.00,
2026,3,7,14,2,2026-07-14,"XX",628,"DFW","Dallas/Fort Worth, TX","ORD","Chicago, IL","1600","1600",-3.00,0.00,"2359","2359",-6.00,0.00,,0.00,,,,,,
2026,3,7,14,2,2026-07-14,"XX",629,"DFW","Dallas/Fort Worth, TX","ORD","Chicago, IL","1607","1607",-3.00,0.00,"2359","2359",-6.00,0.00,,0.00,,,,,,
2026,3,7,14,2,2026-07-14,"XX",630,"DFW","Dallas/Fort Worth, TX","ORD","Chicago, IL","1614","1614",-3.00,0.00,"2359","2359",-6.00,0.00,,0.00,,,,,,
2026,3,7,14,2,2026-07-14,"XX",631,"DFW","Dallas/Fort Worth, TX","ORD","Chicago, IL","1621","1621",-3.00,0.00,"2359","2359",-6.00,0.00,,0.00,,,,,,
2026,3,7,14,2,2026-07-14,"XX",632,"DFW","Dallas/Fort Worth, TX","ORD","Chicago, IL","1628","1628",-3.00,0.00,"2359","2359",-6.00,0.00,,0.00,,,,,,
2026,3,7,14,2,2026-07-14,"XX",633,"DFW","Dallas/Fort Worth, TX","ORD","Chicago, IL","1635","1635",-3.00,0.00,"2359","2359",-6.00,0.00,,0.00,,,,,,
2026,3,7,14,2,2026-07-14,"XX",634,"DFW","Dallas/Fort Worth, TX","ORD","Chicago, IL","1642","1642",-3.00,0.00,"2359","2359",-6.00,0.00,,0.00,,,,,,
2026,3,7,14,2,2026-07-14,"XX",635,"DFW","Dallas/Fort Worth, TX","ORD","Chicago, IL","1649","1649",-3.00,0.00,"2359","2359",-6.00,0.00,,0.00,,,,,,
2026,3,7,14,2,2026-07-14,"XX",636,"DFW","Dallas/Fort Worth, TX","ORD","Chicago, IL","1656","1656",-3.00,0.00,"2359","2359",-6.00,0.00,,0.00,,,,,,
2026,3,7,14,2,2026-07-14,"XX",637,"DFW","Dallas/Fort Worth, TX","ORD","Chicago, IL","1603","1603",-3.00,0.00,"2359","2359",-6.00,0.00,,0.00,,,,,,
2026,3,7,14,2,2026-07-14,"XX",638,"DFW","Dallas/Fort Worth, TX","ORD","Chicago, IL","1610","1610",-3.00,0.00,"2359","2359",-6.00,0.00,,0.00,,,,,,
2026,3,7,14,2,2026-07-14,"XX",639,"DFW","Dallas/Fort Worth, TX","ORD","Chicago, IL","1617","1617",-3.00,0.00,"2359","2359",-6.00,0.00,,0.00,,,,,,
2026,3,7,14,2,2026-07-14,"XX",640,"DFW","Dallas/Fort Worth, TX","ORD","Chicago, IL","1700","1700",-3.00,0.00,"2359","2359",-6.00,0.00,,0.00,,,,,,
2026,3,7,14,2,2026-07-14,"XX",641,"DFW","Dallas/Fort Worth, TX","ORD","Chicago, IL","1707","1707",-3.00,0.00,"2359","2359",-6.00,0.00,,0.00,,,,,,
2026,3,7,14,2,2026-07-14,"XX",642,"DFW","Dallas/Fort Worth, TX","ORD","Chicago, IL","1714","1714",-3.00,0.00,"2359","2359",-6.00,0.00,,0.00,,,,,,
2026,3,7,14,2,2026-07-14,"XX",643,"DFW","Dallas/Fort Worth, TX","ORD","Chicago, IL","1721","1721",-3.00,0.00,"2359","2359",-6.00,0.00,,0.00,,,,,,
2026,3,7,14,2,2026-07-14,"XX",644,"DFW","Dallas/Fort Worth, TX","ORD","Chicago, IL","1728","1728",-3.00,0.00,"2359","2359",-6.00,0.00,,0.00,,,,,,
2026,3,7,14,2,2026-07-14,"XX",645,"DFW","Dallas/Fort Worth, TX","ORD","Chicago, IL","1735","1735",-3.00,0.00,"2359","2359",-6.00,0.00,,0.00,,,,,,
2026,3,7,14,2,2026-07-14,"XX",646,"DFW","Dallas/Fort Worth, TX","ORD","Chicago, IL","1742","1742",-3.00,0.00,"2359","2359",-6.00,0.00,,0.00,,,,,,
2026,3,7,14,2,2026-07-14,"XX",647,"DFW","Dallas/Fort Worth, TX","ORD","Chicago, IL","1749","1749",-3.00,0.00,"2359","2359",-6.00,0.00,,0.00,,,,,,
2026,3,7,14,2,2026-07-14,"XX",648,"DFW","Dallas/Fort Worth, TX","ORD","Chicago, IL","1756","1756",-3.00,0.00,"2359","2359",-6.00,0.00,,0.00,,,,,,
2026,3,7,14,2,2026-07-14,"XX",649,"DFW","Dallas/Fort Worth, TX","ORD","Chicago, IL","1703","1703",-3.00,0.00,"2359","2359",-6.00,0.00,,0.00,,,,,,
2026,3,7,14,2,2026-07-14,"XX",650,"DFW","Dallas/Fort Worth, TX","ORD","Chicago, IL","1710","1710",-3.00,0.00,"2359","2359",-6.00,0.00,,0.00,,,,,,
2026,3,7,14,2,2026-07-14,"XX",651,"DFW","Dallas/Fort Worth, TX","ORD","Chicago, IL","1717","1717",-3.00,0.00,"2359","2359",-6.00,0.00,,0.00,,,,,,
2026,3,7,14,2,2026-07-14,"XX",652,"DFW","Dallas/Fort Worth, TX","ORD","Chicago, IL","1800","1800",-3.00,0.00,"2359","2359",-6.00,0.00,,0.00,,,,,,
2026,3,7,14,2,2026-07-14,"XX",653,"DFW","Dallas/Fort Worth, TX","ORD","Chicago, IL","1807","1807",-3.00,0.00,"2359","2359",-6.00,0.00,,0.00,,,,,,
2026,3,7,14,2,2026-07-14,"XX",654,"DFW","Dallas/Fort Worth, TX","ORD","Chicago, IL","1814","1814",-3.00,0.00,"2359","2359",-6.00,0.00,,0.00,,,,,,
2026,3,7,14,2,2026-07-14,"XX",655,"DFW","Dallas/Fort Worth, TX","ORD","Chicago, IL","1821","1821",-3.00,0.00,"2359","2359",-6.00,0.00,,0.00,,,,,,
2026,3,7,14,2,2026-07-14,"XX",656,"DFW","Dallas/Fort Worth, TX","ORD","Chicago, IL","1828","1828",-3.00,0.00,"2359","2359",-6.00,0.00,,0.00,,,,,,
2026,3,7,14,2,2026-07-14,"XX",657,"DFW","Dallas/Fort Worth, TX","ORD","Chicago, IL","1835","1835",-3.00,0.00,"2359","2359",-6.00,0.00,,0.00,,,,,,
2026,3,7,14,2,2026-07-14,"XX",658,"DFW","Dallas/Fort Worth, TX","ORD","Chicago, IL","1842","1842",-3.00,0.00,"2359","2359",-6.00,0.00,,0.00,,,,,,
2026,3,7,14,2,2026-07-14,"XX",659,"DFW","Dallas/Fort Worth, TX","ORD","Chicago, IL","1849","1849",-3.00,0.00,"2359","2359",-6.00,0.00,,0.00,,,,,,
2026,3,7,14,2,2026-07-14,"XX",660,"DFW","Dallas/Fort Worth, TX","ORD","Chicago, IL","1856","1856",-3.00,0.00,"2359","2359",-6.00,0.00,,0.00,,,,,,
2026,3,7,14,2,2026-07-14,"XX",661,"DFW","Dallas/Fort Worth, TX","ORD","Chicago, IL","1803","1803",-3.00,0.00,"2359","2359",-6.00,0.00,,0.00,,,,,,
2026,3,7,14,2,2026-07-14,"XX",662,"DFW","Dallas/Fort Worth, TX","ORD","Chicago, IL","1810","1810",-3.00,0.00,"2359","2359",-6.00,0.00,,0.00,,,,,,
2026,3,7,14,2,2026-07-14,"XX",663,"DFW","Dallas/Fort Worth, TX","ORD","Chicago, IL","1817","1817",22.00,1.00,"2359","2359",18.00,0.00,,0.00,18.00,0.00,0.00,0.00,0.00,
2026,3,7,14,2,2026-07-14,"XX",664,"DFW","Dallas/Fort Worth, TX","ORD","Chicago, IL","1900","1900",-3.00,0.00,"2359","2359",-6.00,0.00,,0.00,,,,,,
2026,3,7,14,2,2026-07-14,"XX",665,"DFW","Dallas/Fort Worth, TX","ORD","Chicago, IL","1907","1907",-3.00,0.00,"2359","2359",-6.00,0.00,,0.00,,,,,,
2026,3,7,14,2,2026-07-14,"XX",666,"DFW","Dallas/Fort Worth, TX","ORD","Chicago, IL","1914","1914",-3.00,0.00,"2359","2359",-6.00,0.00,,0.00,,,,,,
2026,3,7,14,2,2026-07-14,"XX",667,"DFW","Dallas/Fort Worth, TX","ORD","Chicago, IL","1921","1921",-3.00,0.00,"2359","2359",-6.00,0.00,,0.00,,,,,,
2026,3,7,14,2,2026-07-14,"XX",668,"DFW","Dallas/Fort Worth, TX","ORD","Chicago, IL","1928","1928",-3.00,0.00,"2359","2359",-6.00,0.00,,0.00,,,,,,
2026,3,7,14,2,2026-07-14,"XX",669,"DFW","Dallas/Fort Worth, TX","ORD","Chicago, IL","1935","1935",-3.00,0.00,"2359","2359",-6.00,0.00,,0.00,,,,,,
2026,3,7,14,2,2026-07-14,"XX",670,"DFW","Dallas/Fort Worth, TX","ORD","Chicago, IL","1942","1942",-3.00,0.00,"2359","2359",-6.00,0.00,,0.00,,,,,,
2026,3,7,14,2,2026-07-14,"XX",671,"DFW","Dallas/Fort Worth, TX","ORD","Chicago, IL","1949","1949",-3.00,0.00,"2359","2359",-6.00,0.00,,0.00,,,,,,
2026,3,7,14,2,2026-07-14,"XX",672,"DFW","Dallas/Fort Worth, TX","ORD","Chicago, IL","1956","1956",-3.00,0.00,"2359","2359",-6.00,0.00,,0.00,,,,,,
2026,3,7,14,2,2026-07-14,"XX",673,"DFW","Dallas/Fort Worth, TX","ORD","Chicago, IL","1903","1903",-3.00,0.00,"2359","2359",-6.00,0.00,,0.00,,,,,,
2026,3,7,14,2,2026-07-14,"XX",674,"DFW","Dallas/Fort Worth, TX","ORD","Chicago, IL","1910","1910",-3.00,0.00,"2359","2359",-6.00,0.00,,0.00,,,,,,
2026,3,7,14,2,2026-07-14,"XX",675,"DFW","Dallas/Fort Worth, TX","ORD","Chicago, IL","1917","1917",-3.00,0.00,"2359","2359",-6.00,0.00,,0.00,,,,,,
2026,3,7,14,2,2026-07-14,"XX",676,"DFW","Dallas/Fort Worth, TX","ORD","Chicago, IL","2000","2000",-3.00,0.00,"2359","2359",-6.00,0.00,,0.00,,,,,,
2026,3,7,14,2,2026-07-14,"XX",677,"DFW","Dallas/Fort Worth, TX","ORD","Chicago, IL","2007","2007",-3.00,0.00,"2359","2359",-6.00,0.00,,0.00,,,,,,
2026,3,7,14,2,2026-07-14,"XX",678,"DFW","Dallas/Fort Worth, TX","ORD","Chicago, IL","2014","2014",-3.00,0.00,"2359","2359",-6.00,0.00,,0.00,,,,,,
2026,3,7,14,2,2026-07-14,"XX",679,"DFW","Dallas/Fort Worth, TX","ORD","Chicago, IL","2021","2021",-3.00,0.00,"2359","2359",-6.00,0.00,,0.00,,,,,,
2026,3,7,14,2,2026-07-14,"XX",680,"DFW","Dallas/Fort Worth, TX","ORD","Chicago, IL","2028","2028",-3.00,0.00,"2359","2359",-6.00,0.00,,0.00,,,,,,
2026,3,7,14,2,2026-07-14,"XX",681,"DFW","Dallas/Fort Worth, TX","ORD","Chicago, IL","2035","2035",-3.00,0.00,"2359","2359",-6.00,0.00,,0.00,,,,,,
2026,3,7,14,2,2026-07-14,"XX",682,"DFW","Dallas/Fort Worth, TX","ORD","Chicago, IL","2042","2042",-3.00,0.00,"2359","2359",-6.00,0.00,,0.00,,,,,,
2026,3,7,14,2,2026-07-14,"XX",683,"DFW","Dallas/Fort Worth, TX","ORD","Chicago, IL","2049","2049",-3.00,0.00,"2359","2359",-6.00,0.00,,0.00,,,,,,
2026,3,7,14,2,2026-07-14,"XX",684,"DFW","Dallas/Fort Worth, TX","ORD","Chicago, IL","2056","2056",-3.00,0.00,"2359","2359",-6.00,0.00,,0.00,,,,,,
2026,3,7,14,2,2026-07-14,"XX",685,"DFW","Dallas/Fort Worth, TX","ORD","Chicago, IL","2003","2003",-3.00,0.00,"2359","2359",-6.00,0.00,,0.00,,,,,,
2026,3,7,14,2,2026-07-14,"XX",686,"DFW","Dallas/Fort Worth, TX","ORD","Chicago, IL","2010","2010",-3.00,0.00,"2359","2359",-6.00,0.00,,0.00,,,,,,
2026,3,7,14,2,2026-07-14,"XX",687,"DFW","Dallas/Fort Worth, TX","ORD","Chicago, IL","2017","2017",-3.00,0.00,"2359","2359",-6.00,0.00,,0.00,,,,,,
2026,3,7,14,2,2026-07-14,"XX",688,"DFW","Dallas/Fort Worth, TX","ORD","Chicago, IL","2100","2100",-3.00,0.00,"2359","2359",-6.00,0.00,,0.00,,,,,,
2026,3,7,14,2,2026-07-14,"XX",689,"DFW","Dallas/Fort Worth, TX","ORD","Chicago, IL","2107","2107",-3.00,0.00,"2359","2359",-6.00,0.00,,0.00,,,,,,
2026,3,7,14,2,2026-07-14,"XX",690,"DFW","Dallas/Fort Worth, TX","ORD","Chicago, IL","2114","2114",-3.00,0.00,"2359","2359",-6.00,0.00,,0.00,,,,,,
2026,3,7,14,2,2026-07-14,"XX",691,"DFW","Dallas/Fort Worth, TX","ORD","Chicago, IL","2121","2121",-3.00,0.00,"2359","2359",-6.00,0.00,,0.00,,,,,,
2026,3,7,14,2,2026-07-14,"XX",692,"DFW","Dallas/Fort Worth, TX","ORD","Chicago, IL","2128","2128",-3.00,0.00,"2359","2359",-6.00,0.00,,0.00,,,,,,
2026,3,7,14,2,2026-07-14,"XX",693,"DFW","Dallas/Fort Worth, TX","ORD","Chicago, IL","2135","2135",-3.00,0.00,"2359","2359",-6.00,0.00,,0.00,,,,,,
2026,3,7,14,2,2026-07-14,"XX",694,"DFW","Dallas/Fort Worth, TX","ORD","Chicago, IL","2142","2142",-3.00,0.00,"2359","2359",-6.00,0.00,,0.00,,,,,,
2026,3,7,14,2,2026-07-14,"XX",695,"DFW","Dallas/Fort Worth, TX","ORD","Chicago, IL","2149","2149",-3.00,0.00,"2359","2359",-6.00,0.00,,0.00,,,,,,
2026,3,7,14,2,2026-07-14,"XX",696,"DFW","Dallas/Fort Worth, TX","ORD","Chicago, IL","2156","2156",-3.00,0.00,"2359","2359",-6.00,0.00,,0.00,,,,,,
2026,3,7,14,2,2026-07-14,"XX",697,"DFW","Dallas/Fort Worth, TX","ORD","Chicago, IL","2103","2103",-3.00,0.00,"2359","2359",-6.00,0.00,,0.00,,,,,,
2026,3,7,14,2,2026-07-14,"XX",698,"DFW","Dallas/Fort Worth, TX","ORD","Chicago, IL","2110","2110",-3.00,0.00,"2359","2359",-6.00,0.00,,0.00,,,,,,
2026,3,7,14,2,2026-07-14,"XX",699,"DFW","Dallas/Fort Worth, TX","ORD","Chicago, IL","2117","2117",22.00,1.00,"2359","2359",18.00,0.00,,0.00,18.00,0.00,0.00,0.00,0.00,
2026,3,7,14,2,2026-07-14,"XX",700,"DFW","Dallas/Fort Worth, TX","ORD","Chicago, IL","2200","2200",-3.00,0.00,"2359","2359",-6.00,0.00,,0.00,,,,,,
2026,3,7,14,2,2026-07-14,"XX",701,"DFW","Dallas/Fort Worth, TX","ORD","Chicago, IL","2207","2207",-3.00,0.00,"2359","2359",-6.00,0.00,,0.00,,,,,,
2026,3,7,14,2,2026-07-14,"XX",702,"DFW","Dallas/Fort Worth, TX","ORD","Chicago, IL","2214","2214",-3.00,0.00,"2359","2359",-6.00,0.00,,0.00,,,,,,
2026,3,7,14,2,2026-07-14,"XX",703,"DFW","Dallas/Fort Worth, TX","ORD","Chicago, IL","2221","2221",-3.00,0.00,"2359","2359",-6.00,0.00,,0.00,,,,,,
2026,3,7,14,2,2026-07-14,"XX",704,"DFW","Dallas/Fort Worth, TX","ORD","Chicago, IL","2228","2228",-3.00,0.00,"2359","2359",-6.00,0.00,,0.00,,,,,,
2026,3,7,14,2,2026-07-14,"XX",705,"DFW","Dallas/Fort Worth, TX","ORD","Chicago, IL","2235","2235",-3.00,0.00,"2359","2359",-6.00,0.00,,0.00,,,,,,
2026,3,7,14,2,2026-07-14,"XX",706,"DFW","Dallas/Fort Worth, TX","ORD","Chicago, IL","2242","2242",-3.00,0.00,"2359","2359",-6.00,0.00,,0.00,,,,,,
2026,3,7,14,2,2026-07-14,"XX",707,"DFW","Dallas/Fort Worth, TX","ORD","Chicago, IL","2249","2249",-3.00,0.00,"2359","2359",-6.00,0.00,,0.00,,,,,,
2026,3,7,14,2,2026-07-14,"XX",708,"DFW","Dallas/Fort Worth, TX","ORD","Chicago, IL","2256","2256",-3.00,0.00,"2359","2359",-6.00,0.00,,0.00,,,,,,
2026,3,7,14,2,2026-07-14,"XX",709,"DFW","Dallas/Fort Worth, TX","ORD","Chicago, IL","2203","2203",-3.00,0.00,"2359","2359",-6.00,0.00,,0.00,,,,,,
2026,3,7,14,2,2026-07-14,"XX",710,"DFW","Dallas/Fort Worth, TX","ORD","Chicago, IL","2210","2210",-3.00,0.00,"2359","2359",-6.00,0.00,,0.00,,,,,,
2026,3,7,14,2,2026-07-14,"XX",711,"DFW","Dallas/Fort Worth, TX","ORD","Chicago, IL","2217","2217",-3.00,0.00,"2359","2359",-6.00,0.00,,0.00,,,,,,
2026,3,7,15,2,2026-07-15,"XX",712,"DFW","Dallas/Fort Worth, TX","ORD","Chicago, IL","0600","0600",-3.00,0.00,"2359","2359",-6.00,0.00,,0.00,,,,,,
2026,3,7,15,2,2026-07-15,"XX",713,"DFW","Dallas/Fort Worth, TX","ORD","Chicago, IL","0607","0607",-3.00,0.00,"2359","2359",-6.00,0.00,,0.00,,,,,,
2026,3,7,15,2,2026-07-15,"XX",714,"DFW","Dallas/Fort Worth, TX","ORD","Chicago, IL","0614","0614",-3.00,0.00,"2359","2359",-6.00,0.00,,0.00,,,,,,
2026,3,7,15,2,2026-07-15,"XX",715,"DFW","Dallas/Fort Worth, TX","ORD","Chicago, IL","0621","0621",-3.00,0.00,"2359","2359",-6.00,0.00,,0.00,,,,,,
2026,3,7,15,2,2026-07-15,"XX",716,"DFW","Dallas/Fort Worth, TX","ORD","Chicago, IL","0628","0628",-3.00,0.00,"2359","2359",-6.00,0.00,,0.00,,,,,,
2026,3,7,15,2,2026-07-15,"XX",717,"DFW","Dallas/Fort Worth, TX","ORD","Chicago, IL","0635","0635",-3.00,0.00,"2359","2359",-6.00,0.00,,0.00,,,,,,
2026,3,7,15,2,2026-07-15,"XX",718,"DFW","Dallas/Fort Worth, TX","ORD","Chicago, IL","0642","0642",-3.00,0.00,"2359","2359",-6.00,0.00,,0.00,,,,,,
2026,3,7,15,2,2026-07-15,"XX",719,"DFW","Dallas/Fort Worth, TX","ORD","Chicago, IL","0649","0649",-3.00,0.00,"2359","2359",-6.00,0.00,,0.00,,,,,,
2026,3,7,15,2,2026-07-15,"XX",720,"DFW","Dallas/Fort Worth, TX","ORD","Chicago, IL","0656","0656",-3.00,0.00,"2359","2359",-6.00,0.00,,0.00,,,,,,
2026,3,7,15,2,2026-07-15,"XX",721,"DFW","Dallas/Fort Worth, TX","ORD","Chicago, IL","0603","0603",-3.00,0.00,"2359","2359",-6.00,0.00,,0.00,,,,,,
2026,3,7,15,2,2026-07-15,"XX",722,"DFW","Dallas/Fort Worth, TX","ORD","Chicago, IL","0610","0610",-3.00,0.00,"2359","2359",-6.00,0.00,,0.00,,,,,,
2026,3,7,15,2,2026-07-15,"XX",723,"DFW","Dallas/Fort Worth, TX","ORD","Chicago, IL","0617","0617",22.00,1.00,"2359","2359",18.00,0.00,,0.00,18.00,0.00,0.00,0.00,0.00,
2026,3,7,15,2,2026-07-15,"XX",724,"DFW","Dallas/Fort Worth, TX","ORD","Chicago, IL","0700","0700",-3.00,0.00,"2359","2359",-6.00,0.00,,0.00,,,,,,
2026,3,7,15,2,2026-07-15,"XX",725,"DFW","Dallas/Fort Worth, TX","ORD","Chicago, IL","0707","0707",-3.00,0.00,"2359","2359",-6.00,0.00,,0.00,,,,,,
2026,3,7,15,2,2026-07-15,"XX",726,"DFW","Dallas/Fort Worth, TX","ORD","Chicago, IL","0714","0714",-3.00,0.00,"2359","2359",-6.00,0.00,,0.00,,,,,,
2026,3,7,15,2,2026-07-15,"XX",727,"DFW","Dallas/Fort Worth, TX","ORD","Chicago, IL","0721","0721",-3.00,0.00,"2359","2359",-6.00,0.00,,0.00,,,,,,
2026,3,7,15,2,2026-07-15,"XX",728,"DFW","Dallas/Fort Worth, TX","ORD","Chicago, IL","0728","0728",-3.00,0.00,"2359","2359",-6.00,0.00,,0.00,,,,,,
2026,3,7,15,2,2026-07-15,"XX",729,"DFW","Dallas/Fort Worth, TX","ORD","Chicago, IL","0735","0735",-3.00,0.00,"2359","2359",-6.00,0.00,,0.00,,,,,,
2026,3,7,15,2,2026-07-15,"XX",730,"DFW","Dallas/Fort Worth, TX","ORD","Chicago, IL","0742","0742",-3.00,0.00,"2359","2359",-6.00,0.00,,0.00,,,,,,
2026,3,7,15,2,2026-07-15,"XX",731,"DFW","Dallas/Fort Worth, TX","ORD","Chicago, IL","0749","0749",-3.00,0.00,"2359","2359",-6.00,0.00,,0.00,,,,,,
2026,3,7,15,2,2026-07-15,"XX",732,"DFW","Dallas/Fort Worth, TX","ORD","Chicago, IL","0756","0756",-3.00,0.00,"2359","2359",-6.00,0.00,,0.00,,,,,,
2026,3,7,15,2,2026-07-15,"XX",733,"DFW","Dallas/Fort Worth, TX","ORD","Chicago, IL","0703","0703",-3.00,0.00,"2359","2359",-6.00,0.00,,0.00,,,,,,
2026,3,7,15,2,2026-07-15,"XX",734,"DFW","Dallas/Fort Worth, TX","ORD","Chicago, IL","0710","0710",-3.00,0.00,"2359","2359",-6.00,0.00,,0.00,,,,,,
2026,3,7,15,2,2026-07-15,"XX",735,"DFW","Dallas/Fort Worth, TX","ORD","Chicago, IL","0717","0717",-3.00,0.00,"2359","2359",-6.00,0.00,,0.00,,,,,,
2026,3,7,15,2,2026-07-15,"XX",736,"DFW","Dallas/Fort Worth, TX","ORD","Chicago, IL","0800","0800",-3.00,0.00,"2359","2359",-6.00,0.00,,0.00,,,,,,
2026,3,7,15,2,2026-07-15,"XX",737,"DFW","Dallas/Fort Worth, TX","ORD","Chicago, IL","0807","0807",-3.00,0.00,"2359","2359",-6.00,0.00,,0.00,,,,,,
2026,3,7,15,2,2026-07-15,"XX",738,"DFW","Dallas/Fort Worth, TX","ORD","Chicago, IL","0814","0814",-3.00,0.00,"2359","2359",-6.00,0.00,,0.00,,,,,,
2026,3,7,15,2,2026-07-15,"XX",739,"DFW","Dallas/Fort Worth, TX","ORD","Chicago, IL","0821","0821",-3.00,0.00,"2359","2359",-6.00,0.00,,0.00,,,,,,
2026,3,7,15,2,2026-07-15,"XX",740,"DFW","Dallas/Fort Worth, TX","ORD","Chicago, IL","0828","0828",-3.00,0.00,"2359","2359",-6.00,0.00,,0.00,,,,,,
2026,3,7,15,2,2026-07-15,"XX",741,"DFW","Dallas/Fort Worth, TX","ORD","Chicago, IL","0835","0835",-3.00,0.00,"2359","2359",-6.00,0.00,,0.00,,,,,,
2026,3,7,15,2,2026-07-15,"XX",742,"DFW","Dallas/Fort Worth, TX","ORD","Chicago, IL","0842","0842",-3.00,0.00,"2359","2359",-6.00,0.00,,0.00,,,,,,
2026,3,7,15,2,2026-07-15,"XX",743,"DFW","Dallas/Fort Worth, TX","ORD","Chicago, IL","0849","0849",-3.00,0.00,"2359","2359",-6.00,0.00,,0.00,,,,,,
2026,3,7,15,2,2026-07-15,"XX",744,"DFW","Dallas/Fort Worth, TX","ORD","Chicago, IL","0856","0856",-3.00,0.00,"2359","2359",-6.00,0.00,,0.00,,,,,,
2026,3,7,15,2,2026-07-15,"XX",745,"DFW","Dallas/Fort Worth, TX","ORD","Chicago, IL","0803","0803",-3.00,0.00,"2359","2359",-6.00,0.00,,0.00,,,,,,
2026,3,7,15,2,2026-07-15,"XX",746,"DFW","Dallas/Fort Worth, TX","ORD","Chicago, IL","0810","0810",-3.00,0.00,"2359","2359",-6.00,0.00,,0.00,,,,,,
2026,3,7,15,2,2026-07-15,"XX",747,"DFW","Dallas/Fort Worth, TX","ORD","Chicago, IL","0817","0817",-3.00,0.00,"2359","2359",-6.00,0.00,,0.00,,,,,,
2026,3,7,15,2,2026-07-15,"XX",748,"DFW","Dallas/Fort Worth, TX","ORD","Chicago, IL","0900","0900",-3.00,0.00,"2359","2359",-6.00,0.00,,0.00,,,,,,
2026,3,7,15,2,2026-07-15,"XX",749,"DFW","Dallas/Fort Worth, TX","ORD","Chicago, IL","0907","0907",-3.00,0.00,"2359","2359",-6.00,0.00,,0.00,,,,,,
2026,3,7,15,2,2026-07-15,"XX",750,"DFW","Dallas/Fort Worth, TX","ORD","Chicago, IL","0914","0914",-3.00,0.00,"2359","2359",-6.00,0.00,,0.00,,,,,,
2026,3,7,15,2,2026-07-15,"XX",751,"DFW","Dallas/Fort Worth, TX","ORD","Chicago, IL","0921","0921",-3.00,0.00,"2359","2359",-6.00,0.00,,0.00,,,,,,
2026,3,7,15,2,2026-07-15,"XX",752,"DFW","Dallas/Fort Worth, TX","ORD","Chicago, IL","0928","0928",-3.00,0.00,"2359","2359",-6.00,0.00,,0.00,,,,,,
2026,3,7,15,2,2026-07-15,"XX",753,"DFW","Dallas/Fort Worth, TX","ORD","Chicago, IL","0935","0935",-3.00,0.00,"2359","2359",-6.00,0.00,,0.00,,,,,,
2026,3,7,15,2,2026-07-15,"XX",754,"DFW","Dallas/Fort Worth, TX","ORD","Chicago, IL","0942","0942",-3.00,0.00,"2359","2359",-6.00,0.00,,0.00,,,,,,
2026,3,7,15,2,2026-07-15,"XX",755,"DFW","Dallas/Fort Worth, TX","ORD","Chicago, IL","0949","0949",-3.00,0.00,"2359","2359",-6.00,0.00,,0.00,,,,,,
2026,3,7,15,2,2026-07-15,"XX",756,"DFW","Dallas/Fort Worth, TX","ORD","Chicago, IL","0956","0956",-3.00,0.00,"2359","2359",-6.00,0.00,,0.00,,,,,,
2026,3,7,15,2,2026-07-15,"XX",757,"DFW","Dallas/Fort Worth, TX","ORD","Chicago, IL","0903","0903",-3.00,0.00,"2359","2359",-6.00,0.00,,0.00,,,,,,
2026,3,7,15,2,2026-07-15,"XX",758,"DFW","Dallas/Fort Worth, TX","ORD","Chicago, IL","0910","0910",-3.00,0.00,"2359","2359",-6.00,0.00,,0.00,,,,,,
2026,3,7,15,2,2026-07-15,"XX",759,"DFW","Dallas/Fort Worth, TX","ORD","Chicago, IL","0917","0917",22.00,1.00,"2359","2359",18.00,0.00,,0.00,18.00,0.00,0.00,0.00,0.00,
2026,3,7,15,2,2026-07-15,"XX",760,"DFW","Dallas/Fort Worth, TX","ORD","Chicago, IL","1000","1000",-3.00,0.00,"2359","2359",-6.00,0.00,,0.00,,,,,,
2026,3,7,15,2,2026-07-15,"XX",761,"DFW","Dallas/Fort Worth, TX","ORD","Chicago, IL","1007","1007",-3.00,0.00,"2359","2359",-6.00,0.00,,0.00,,,,,,
2026,3,7,15,2,2026-07-15,"XX",762,"DFW","Dallas/Fort Worth, TX","ORD","Chicago, IL","1014","1014",-3.00,0.00,"2359","2359",-6.00,0.00,,0.00,,,,,,
2026,3,7,15,2,2026-07-15,"XX",763,"DFW","Dallas/Fort Worth, TX","ORD","Chicago, IL","1021","1021",-3.00,0.00,"2359","2359",-6.00,0.00,,0.00,,,,,,
2026,3,7,15,2,2026-07-15,"XX",764,"DFW","Dallas/Fort Worth, TX","ORD","Chicago, IL","1028","1028",-3.00,0.00,"2359","2359",-6.00,0.00,,0.00,,,,,,
2026,3,7,15,2,2026-07-15,"XX",765,"DFW","Dallas/Fort Worth, TX","ORD","Chicago, IL","1035","1035",-3.00,0.00,"2359","2359",-6.00,0.00,,0.00,,,,,,
2026,3,7,15,2,2026-07-15,"XX",766,"DFW","Dallas/Fort Worth, TX","ORD","Chicago, IL","1042","1042",-3.00,0.00,"2359","2359",-6.00,0.00,,0.00,,,,,,
2026,3,7,15,2,2026-07-15,"XX",767,"DFW","Dallas/Fort Worth, TX","ORD","Chicago, IL","1049","1049",-3.00,0.00,"2359","2359",-6.00,0.00,,0.00,,,,,,
2026,3,7,15,2,2026-07-15,"XX",768,"DFW","Dallas/Fort Worth, TX","ORD","Chicago, IL","1056","1056",-3.00,0.00,"2359","2359",-6.00,0.00,,0.00,,,,,,
2026,3,7,15,2,2026-07-15,"XX",769,"DFW","Dallas/Fort Worth, TX","ORD","Chicago, IL","1003","1003",-3.00,0.00,"2359","2359",-6.00,0.00,,0.00,,,,,,
2026,3,7,15,2,2026-07-15,"XX",770,"DFW","Dallas/Fort Worth, TX","ORD","Chicago, IL","1010","1010",-3.00,0.00,"2359","2359",-6.00,0.00,,0.00,,,,,,
2026,3,7,15,2,2026-07-15,"XX",771,"DFW","Dallas/Fort Worth, TX","ORD","Chicago, IL","1017","1017",-3.00,0.00,"2359","2359",-6.00,0.00,,0.00,,,,,,
2026,3,7,15,2,2026-07-15,"XX",772,"DFW","Dallas/Fort Worth, TX","ORD","Chicago, IL","1100","1100",-3.00,0.00,"2359","2359",-6.00,0.00,,0.00,,,,,,
2026,3,7,15,2,2026-07-15,"XX",773,"DFW","Dallas/Fort Worth, TX","ORD","Chicago, IL","1107","1107",-3.00,0.00,"2359","2359",-6.00,0.00,,0.00,,,,,,
2026,3,7,15,2,2026-07-15,"XX",774,"DFW","Dallas/Fort Worth, TX","ORD","Chicago, IL","1114","1114",-3.00,0.00,"2359","2359",-6.00,0.00,,0.00,,,,,,
2026,3,7,15,2,2026-07-15,"XX",775,"DFW","Dallas/Fort Worth, TX","ORD","Chicago, IL","1121","1121",-3.00,0.00,"2359","2359",-6.00,0.00,,0.00,,,,,,
2026,3,7,15,2,2026-07-15,"XX",776,"DFW","Dallas/Fort Worth, TX","ORD","Chicago, IL","1128","1128",-3.00,0.00,"2359","2359",-6.00,0.00,,0.00,,,,,,
2026,3,7,15,2,2026-07-15,"XX",777,"DFW","Dallas/Fort Worth, TX","ORD","Chicago, IL","1135","1135",-3.00,0.00,"2359","2359",-6.00,0.00,,0.00,,,,,,
2026,3,7,15,2,2026-07-15,"XX",778,"DFW","Dallas/Fort Worth, TX","ORD","Chicago, IL","1142","1142",-3.00,0.00,"2359","2359",-6.00,0.00,,0.00,,,,,,
2026,3,7,15,2,2026-07-15,"XX",779,"DFW","Dallas/Fort Worth, TX","ORD","Chicago, IL","1149","1149",-3.00,0.00,"2359","2359",-6.00,0.00,,0.00,,,,,,
2026,3,7,15,2,2026-07-15,"XX",780,"DFW","Dallas/Fort Worth, TX","ORD","Chicago, IL","1156","1156",-3.00,0.00,"2359","2359",-6.00,0.00,,0.00,,,,,,
2026,3,7,15,2,2026-07-15,"XX",781,"DFW","Dallas/Fort Worth, TX","ORD","Chicago, IL","1103","1103",-3.00,0.00,"2359","2359",-6.00,0.00,,0.00,,,,,,
2026,3,7,15,2,2026-07-15,"XX",782,"DFW","Dallas/Fort Worth, TX","ORD","Chicago, IL","1110","1110",-3.00,0.00,"2359","2359",-6.00,0.00,,0.00,,,,,,
2026,3,7,15,2,2026-07-15,"XX",783,"DFW","Dallas/Fort Worth, TX","ORD","Chicago, IL","1117","1117",-3.00,0.00,"2359","2359",-6.00,0.00,,0.00,,,,,,
2026,3,7,15,2,2026-07-15,"XX",784,"DFW","Dallas/Fort Worth, TX","ORD","Chicago, IL","1200","1200",-3.00,0.00,"2359","2359",-6.00,0.00,,0.00,,,,,,
2026,3,7,15,2,2026-07-15,"XX",785,"DFW","Dallas/Fort Worth, TX","ORD","Chicago, IL","1207","1207",-3.00,0.00,"2359","2359",-6.00,0.00,,0.00,,,,,,
2026,3,7,15,2,2026-07-15,"XX",786,"DFW","Dallas/Fort Worth, TX","ORD","Chicago, IL","1214","1214",-3.00,0.00,"2359","2359",-6.00,0.00,,0.00,,,,,,
2026,3,7,15,2,2026-07-15,"XX",787,"DFW","Dallas/Fort Worth, TX","ORD","Chicago, IL","1221","1221",-3.00,0.00,"2359","2359",-6.00,0.00,,0.00,,,,,,
2026,3,7,15,2,2026-07-15,"XX",788,"DFW","Dallas/Fort Worth, TX","ORD","Chicago, IL","1228","1228",-3.00,0.00,"2359","2359",-6.00,0.00,,0.00,,,,,,
2026,3,7,15,2,2026-07-15,"XX",789,"DFW","Dallas/Fort Worth, TX","ORD","Chicago, IL","1235","1235",-3.00,0.00,"2359","2359",-6.00,0.00,,0.00,,,,,,
2026,3,7,15,2,2026-07-15,"XX",790,"DFW","Dallas/Fort Worth, TX","ORD","Chicago, IL","1242","1242",-3.00,0.00,"2359","2359",-6.00,0.00,,0.00,,,,,,
2026,3,7,15,2,2026-07-15,"XX",791,"DFW","Dallas/Fort Worth, TX","ORD","Chicago, IL","1249","1249",-3.00,0.00,"2359","2359",-6.00,0.00,,0.00,,,,,,
2026,3,7,15,2,2026-07-15,"XX",792,"DFW","Dallas/Fort Worth, TX","ORD","Chicago, IL","1256","1256",-3.00,0.00,"2359","2359",-6.00,0.00,,0.00,,,,,,
2026,3,7,15,2,2026-07-15,"XX",793,"DFW","Dallas/Fort Worth, TX","ORD","Chicago, IL","1203","1203",-3.00,0.00,"2359","2359",-6.00,0.00,,0.00,,,,,,
2026,3,7,15,2,2026-07-15,"XX",794,"DFW","Dallas/Fort Worth, TX","ORD","Chicago, IL","1210","1210",-3.00,0.00,"2359","2359",-6.00,0.00,,0.00,,,,,,
2026,3,7,15,2,2026-07-15,"XX",795,"DFW","Dallas/Fort Worth, TX","ORD","Chicago, IL","1217","1217",22.00,1.00,"2359","2359",18.00,0.00,,0.00,18.00,0.00,0.00,0.00,0.00,
2026,3,7,15,2,2026-07-15,"XX",796,"DFW","Dallas/Fort Worth, TX","ORD","Chicago, IL","1300","1300",-3.00,0.00,"2359","2359",-6.00,0.00,,0.00,,,,,,
2026,3,7,15,2,2026-07-15,"XX",797,"DFW","Dallas/Fort Worth, TX","ORD","Chicago, IL","1307","1307",-3.00,0.00,"2359","2359",-6.00,0.00,,0.00,,,,,,
2026,3,7,15,2,2026-07-15,"XX",798,"DFW","Dallas/Fort Worth, TX","ORD","Chicago, IL","1314","1314",-3.00,0.00,"2359","2359",-6.00,0.00,,0.00,,,,,,
2026,3,7,15,2,2026-07-15,"XX",799,"DFW","Dallas/Fort Worth, TX","ORD","Chicago, IL","1321","1321",-3.00,0.00,"2359","2359",-6.00,0.00,,0.00,,,,,,
2026,3,7,15,2,2026-07-15,"XX",800,"DFW","Dallas/Fort Worth, TX","ORD","Chicago, IL","1328","1328",-3.00,0.00,"2359","2359",-6.00,0.00,,0.00,,,,,,
2026,3,7,15,2,2026-07-15,"XX",801,"DFW","Dallas/Fort Worth, TX","ORD","Chicago, IL","1335","1335",-3.00,0.00,"2359","2359",-6.00,0.00,,0.00,,,,,,
2026,3,7,15,2,2026-07-15,"XX",802,"DFW","Dallas/Fort Worth, TX","ORD","Chicago, IL","1342","1342",-3.00,0.00,"2359","2359",-6.00,0.00,,0.00,,,,,,
2026,3,7,15,2,2026-07-15,"XX",803,"DFW","Dallas/Fort Worth, TX","ORD","Chicago, IL","1349","1349",-3.00,0.00,"2359","2359",-6.00,0.00,,0.00,,,,,,
2026,3,7,15,2,2026-07-15,"XX",804,"DFW","Dallas/Fort Worth, TX","ORD","Chicago, IL","1356","1356",-3.00,0.00,"2359","2359",-6.00,0.00,,0.00,,,,,,
2026,3,7,15,2,2026-07-15,"XX",805,"DFW","Dallas/Fort Worth, TX","ORD","Chicago, IL","1303","1303",-3.00,0.00,"2359","2359",-6.00,0.00,,0.00,,,,,,
2026,3,7,15,2,2026-07-15,"XX",806,"DFW","Dallas/Fort Worth, TX","ORD","Chicago, IL","1310","1310",-3.00,0.00,"2359","2359",-6.00,0.00,,0.00,,,,,,
2026,3,7,15,2,2026-07-15,"XX",807,"DFW","Dallas/Fort Worth, TX","ORD","Chicago, IL","1317","1317",-3.00,0.00,"2359","2359",-6.00,0.00,,0.00,,,,,,
2026,3,7,15,2,2026-07-15,"XX",808,"DFW","Dallas/Fort Worth, TX","ORD","Chicago, IL","1400","1400",-3.00,0.00,"2359","2359",-6.00,0.00,,0.00,,,,,,
2026,3,7,15,2,2026-07-15,"XX",809,"DFW","Dallas/Fort Worth, TX","ORD","Chicago, IL","1407","1407",-3.00,0.00,"2359","2359",-6.00,0.00,,0.00,,,,,,
2026,3,7,15,2,2026-07-15,"XX",810,"DFW","Dallas/Fort Worth, TX","ORD","Chicago, IL","1414","1414",-3.00,0.00,"2359","2359",-6.00,0.00,,0.00,,,,,,
2026,3,7,15,2,2026-07-15,"XX",811,"DFW","Dallas/Fort Worth, TX","ORD","Chicago, IL","1421","1421",-3.00,0.00,"2359","2359",-6.00,0.00,,0.00,,,,,,
2026,3,7,15,2,2026-07-15,"XX",812,"DFW","Dallas/Fort Worth, TX","ORD","Chicago, IL","1428","1428",-3.00,0.00,"2359","2359",-6.00,0.00,,0.00,,,,,,
2026,3,7,15,2,2026-07-15,"XX",813,"DFW","Dallas/Fort Worth, TX","ORD","Chicago, IL","1435","1435",-3.00,0.00,"2359","2359",-6.00,0.00,,0.00,,,,,,
2026,3,7,15,2,2026-07-15,"XX",814,"DFW","Dallas/Fort Worth, TX","ORD","Chicago, IL","1442","1442",-3.00,0.00,"2359","2359",-6.00,0.00,,0.00,,,,,,
2026,3,7,15,2,2026-07-15,"XX",815,"DFW","Dallas/Fort Worth, TX","ORD","Chicago, IL","1449","1449",-3.00,0.00,"2359","2359",-6.00,0.00,,0.00,,,,,,
2026,3,7,15,2,2026-07-15,"XX",816,"DFW","Dallas/Fort Worth, TX","ORD","Chicago, IL","1456","1456",-3.00,0.00,"2359","2359",-6.00,0.00,,0.00,,,,,,
2026,3,7,15,2,2026-07-15,"XX",817,"DFW","Dallas/Fort Worth, TX","ORD","Chicago, IL","1403","1403",-3.00,0.00,"2359","2359",-6.00,0.00,,0.00,,,,,,
2026,3,7,15,2,2026-07-15,"XX",818,"DFW","Dallas/Fort Worth, TX","ORD","Chicago, IL","1410","1410",-3.00,0.00,"2359","2359",-6.00,0.00,,0.00,,,,,,
2026,3,7,15,2,2026-07-15,"XX",819,"DFW","Dallas/Fort Worth, TX","ORD","Chicago, IL","1417","1417",-3.00,0.00,"2359","2359",-6.00,0.00,,0.00,,,,,,
2026,3,7,15,2,2026-07-15,"XX",820,"DFW","Dallas/Fort Worth, TX","ORD","Chicago, IL","1500","1500",-3.00,0.00,"2359","2359",-6.00,0.00,,0.00,,,,,,
2026,3,7,15,2,2026-07-15,"XX",821,"DFW","Dallas/Fort Worth, TX","ORD","Chicago, IL","1507","1507",-3.00,0.00,"2359","2359",-6.00,0.00,,0.00,,,,,,
2026,3,7,15,2,2026-07-15,"XX",822,"DFW","Dallas/Fort Worth, TX","ORD","Chicago, IL","1514","1514",-3.00,0.00,"2359","2359",-6.00,0.00,,0.00,,,,,,
2026,3,7,15,2,2026-07-15,"XX",823,"DFW","Dallas/Fort Worth, TX","ORD","Chicago, IL","1521","1521",-3.00,0.00,"2359","2359",-6.00,0.00,,0.00,,,,,,
2026,3,7,15,2,2026-07-15,"XX",824,"DFW","Dallas/Fort Worth, TX","ORD","Chicago, IL","1528","1528",-3.00,0.00,"2359","2359",-6.00,0.00,,0.00,,,,,,
2026,3,7,15,2,2026-07-15,"XX",825,"DFW","Dallas/Fort Worth, TX","ORD","Chicago, IL","1535","1535",-3.00,0.00,"2359","2359",-6.00,0.00,,0.00,,,,,,
2026,3,7,15,2,2026-07-15,"XX",826,"DFW","Dallas/Fort Worth, TX","ORD","Chicago, IL","1542","1542",-3.00,0.00,"2359","2359",-6.00,0.00,,0.00,,,,,,
2026,3,7,15,2,2026-07-15,"XX",827,"DFW","Dallas/Fort Worth, TX","ORD","Chicago, IL","1549","1549",-3.00,0.00,"2359","2359",-6.00,0.00,,0.00,,,,,,
2026,3,7,15,2,2026-07-15,"XX",828,"DFW","Dallas/Fort Worth, TX","ORD","Chicago, IL","1556","1556",-3.00,0.00,"2359","2359",-6.00,0.00,,0.00,,,,,,
2026,3,7,15,2,2026-07-15,"XX",829,"DFW","Dallas/Fort Worth, TX","ORD","Chicago, IL","1503","1503",-3.00,0.00,"2359","2359",-6.00,0.00,,0.00,,,,,,
2026,3,7,15,2,2026-07-15,"XX",830,"DFW","Dallas/Fort Worth, TX","ORD","Chicago, IL","1510","1510",-3.00,0.00,"2359","2359",-6.00,0.00,,0.00,,,,,,
2026,3,7,15,2,2026-07-15,"XX",831,"DFW","Dallas/Fort Worth, TX","ORD","Chicago, IL","1517","1517",22.00,1.00,"2359","2359",18.00,0.00,,0.00,18.00,0.00,0.00,0.00,0.00,
2026,3,7,15,2,2026-07-15,"XX",832,"DFW","Dallas/Fort Worth, TX","ORD","Chicago, IL","1600","1600",-3.00,0.00,"2359","2359",-6.00,0.00,,0.00,,,,,,
2026,3,7,15,2,2026-07-15,"XX",833,"DFW","Dallas/Fort Worth, TX","ORD","Chicago, IL","1607","1607",-3.00,0.00,"2359","2359",-6.00,0.00,,0.00,,,,,,
2026,3,7,15,2,2026-07-15,"XX",834,"DFW","Dallas/Fort Worth, TX","ORD","Chicago, IL","1614","1614",-3.00,0.00,"2359","2359",-6.00,0.00,,0.00,,,,,,
2026,3,7,15,2,2026-07-15,"XX",835,"DFW","Dallas/Fort Worth, TX","ORD","Chicago, IL","1621","1621",-3.00,0.00,"2359","2359",-6.00,0.00,,0.00,,,,,,
2026,3,7,15,2,2026-07-15,"XX",836,"DFW","Dallas/Fort Worth, TX","ORD","Chicago, IL","1628","1628",-3.00,0.00,"2359","2359",-6.00,0.00,,0.00,,,,,,
2026,3,7,15,2,2026-07-15,"XX",837,"DFW","Dallas/Fort Worth, TX","ORD","Chicago, IL","1635","1635",-3.00,0.00,"2359","2359",-6.00,0.00,,0.00,,,,,,
2026,3,7,15,2,2026-07-15,"XX",838,"DFW","Dallas/Fort Worth, TX","ORD","Chicago, IL","1642","1642",-3.00,0.00,"2359","2359",-6.00,0.00,,0.00,,,,,,
2026,3,7,15,2,2026-07-15,"XX",839,"DFW","Dallas/Fort Worth, TX","ORD","Chicago, IL","1649","1649",-3.00,0.00,"2359","2359",-6.00,0.00,,0.00,,,,,,
2026,3,7,15,2,2026-07-15,"XX",840,"DFW","Dallas/Fort Worth, TX","ORD","Chicago, IL","1656","1656",-3.00,0.00,"2359","2359",-6.00,0.00,,0.00,,,,,,
2026,3,7,15,2,2026-07-15,"XX",841,"DFW","Dallas/Fort Worth, TX","ORD","Chicago, IL","1603","1603",-3.00,0.00,"2359","2359",-6.00,0.00,,0.00,,,,,,
2026,3,7,15,2,2026-07-15,"XX",842,"DFW","Dallas/Fort Worth, TX","ORD","Chicago, IL","1610","1610",-3.00,0.00,"2359","2359",-6.00,0.00,,0.00,,,,,,
2026,3,7,15,2,2026-07-15,"XX",843,"DFW","Dallas/Fort Worth, TX","ORD","Chicago, IL","1617","1617",-3.00,0.00,"2359","2359",-6.00,0.00,,0.00,,,,,,
2026,3,7,15,2,2026-07-15,"XX",844,"DFW","Dallas/Fort Worth, TX","ORD","Chicago, IL","1700","1700",,0.00,"2359","2359",,1.00,"B",0.00,,,,,,
2026,3,7,15,2,2026-07-15,"XX",845,"DFW","Dallas/Fort Worth, TX","ORD","Chicago, IL","1707","1707",,0.00,"2359","2359",,1.00,"B",0.00,,,,,,
2026,3,7,15,2,2026-07-15,"XX",846,"DFW","Dallas/Fort Worth, TX","ORD","Chicago, IL","1714","1714",48.00,1.00,"2359","2359",41.00,0.00,,0.00,0.00,30.00,11.00,0.00,0.00,
2026,3,7,15,2,2026-07-15,"XX",847,"DFW","Dallas/Fort Worth, TX","ORD","Chicago, IL","1721","1721",48.00,1.00,"2359","2359",41.00,0.00,,0.00,0.00,30.00,11.00,0.00,0.00,
2026,3,7,15,2,2026-07-15,"XX",848,"DFW","Dallas/Fort Worth, TX","ORD","Chicago, IL","1728","1728",48.00,1.00,"2359","2359",41.00,0.00,,0.00,0.00,30.00,11.00,0.00,0.00,
2026,3,7,15,2,2026-07-15,"XX",849,"DFW","Dallas/Fort Worth, TX","ORD","Chicago, IL","1735","1735",48.00,1.00,"2359","2359",41.00,0.00,,0.00,0.00,30.00,11.00,0.00,0.00,
2026,3,7,15,2,2026-07-15,"XX",850,"DFW","Dallas/Fort Worth, TX","ORD","Chicago, IL","1742","1742",-3.00,0.00,"2359","2359",-6.00,0.00,,0.00,,,,,,
2026,3,7,15,2,2026-07-15,"XX",851,"DFW","Dallas/Fort Worth, TX","ORD","Chicago, IL","1749","1749",-3.00,0.00,"2359","2359",-6.00,0.00,,0.00,,,,,,
2026,3,7,15,2,2026-07-15,"XX",852,"DFW","Dallas/Fort Worth, TX","ORD","Chicago, IL","1756","1756",-3.00,0.00,"2359","2359",-6.00,0.00,,0.00,,,,,,
2026,3,7,15,2,2026-07-15,"XX",853,"DFW","Dallas/Fort Worth, TX","ORD","Chicago, IL","1703","1703",-3.00,0.00,"2359","2359",-6.00,0.00,,0.00,,,,,,
2026,3,7,15,2,2026-07-15,"XX",854,"DFW","Dallas/Fort Worth, TX","ORD","Chicago, IL","1710","1710",-3.00,0.00,"2359","2359",-6.00,0.00,,0.00,,,,,,
2026,3,7,15,2,2026-07-15,"XX",855,"DFW","Dallas/Fort Worth, TX","ORD","Chicago, IL","1717","1717",-3.00,0.00,"2359","2359",-6.00,0.00,,0.00,,,,,,
2026,3,7,15,2,2026-07-15,"XX",856,"DFW","Dallas/Fort Worth, TX","ORD","Chicago, IL","1800","1800",,0.00,"2359","2359",,1.00,"B",0.00,,,,,,
2026,3,7,15,2,2026-07-15,"XX",857,"DFW","Dallas/Fort Worth, TX","ORD","Chicago, IL","1807","1807",,0.00,"2359","2359",,1.00,"B",0.00,,,,,,
2026,3,7,15,2,2026-07-15,"XX",858,"DFW","Dallas/Fort Worth, TX","ORD","Chicago, IL","1814","1814",48.00,1.00,"2359","2359",41.00,0.00,,0.00,0.00,30.00,11.00,0.00,0.00,
2026,3,7,15,2,2026-07-15,"XX",859,"DFW","Dallas/Fort Worth, TX","ORD","Chicago, IL","1821","1821",48.00,1.00,"2359","2359",41.00,0.00,,0.00,0.00,30.00,11.00,0.00,0.00,
2026,3,7,15,2,2026-07-15,"XX",860,"DFW","Dallas/Fort Worth, TX","ORD","Chicago, IL","1828","1828",48.00,1.00,"2359","2359",41.00,0.00,,0.00,0.00,30.00,11.00,0.00,0.00,
2026,3,7,15,2,2026-07-15,"XX",861,"DFW","Dallas/Fort Worth, TX","ORD","Chicago, IL","1835","1835",48.00,1.00,"2359","2359",41.00,0.00,,0.00,0.00,30.00,11.00,0.00,0.00,
2026,3,7,15,2,2026-07-15,"XX",862,"DFW","Dallas/Fort Worth, TX","ORD","Chicago, IL","1842","1842",-3.00,0.00,"2359","2359",-6.00,0.00,,0.00,,,,,,
2026,3,7,15,2,2026-07-15,"XX",863,"DFW","Dallas/Fort Worth, TX","ORD","Chicago, IL","1849","1849",-3.00,0.00,"2359","2359",-6.00,0.00,,0.00,,,,,,
2026,3,7,15,2,2026-07-15,"XX",864,"DFW","Dallas/Fort Worth, TX","ORD","Chicago, IL","1856","1856",-3.00,0.00,"2359","2359",-6.00,0.00,,0.00,,,,,,
2026,3,7,15,2,2026-07-15,"XX",865,"DFW","Dallas/Fort Worth, TX","ORD","Chicago, IL","1803","1803",-3.00,0.00,"2359","2359",-6.00,0.00,,0.00,,,,,,
2026,3,7,15,2,2026-07-15,"XX",866,"DFW","Dallas/Fort Worth, TX","ORD","Chicago, IL","1810","1810",-3.00,0.00,"2359","2359",-6.00,0.00,,0.00,,,,,,
2026,3,7,15,2,2026-07-15,"XX",867,"DFW","Dallas/Fort Worth, TX","ORD","Chicago, IL","1817","1817",22.00,1.00,"2359","2359",18.00,0.00,,0.00,18.00,0.00,0.00,0.00,0.00,
2026,3,7,15,2,2026-07-15,"XX",868,"DFW","Dallas/Fort Worth, TX","ORD","Chicago, IL","1900","1900",,0.00,"2359","2359",,1.00,"B",0.00,,,,,,
2026,3,7,15,2,2026-07-15,"XX",869,"DFW","Dallas/Fort Worth, TX","ORD","Chicago, IL","1907","1907",,0.00,"2359","2359",,1.00,"B",0.00,,,,,,
2026,3,7,15,2,2026-07-15,"XX",870,"DFW","Dallas/Fort Worth, TX","ORD","Chicago, IL","1914","1914",48.00,1.00,"2359","2359",41.00,0.00,,0.00,0.00,30.00,11.00,0.00,0.00,
2026,3,7,15,2,2026-07-15,"XX",871,"DFW","Dallas/Fort Worth, TX","ORD","Chicago, IL","1921","1921",48.00,1.00,"2359","2359",41.00,0.00,,0.00,0.00,30.00,11.00,0.00,0.00,
2026,3,7,15,2,2026-07-15,"XX",872,"DFW","Dallas/Fort Worth, TX","ORD","Chicago, IL","1928","1928",48.00,1.00,"2359","2359",41.00,0.00,,0.00,0.00,30.00,11.00,0.00,0.00,
2026,3,7,15,2,2026-07-15,"XX",873,"DFW","Dallas/Fort Worth, TX","ORD","Chicago, IL","1935","1935",48.00,1.00,"2359","2359",41.00,0.00,,0.00,0.00,30.00,11.00,0.00,0.00,
2026,3,7,15,2,2026-07-15,"XX",874,"DFW","Dallas/Fort Worth, TX","ORD","Chicago, IL","1942","1942",-3.00,0.00,"2359","2359",-6.00,0.00,,0.00,,,,,,
2026,3,7,15,2,2026-07-15,"XX",875,"DFW","Dallas/Fort Worth, TX","ORD","Chicago, IL","1949","1949",-3.00,0.00,"2359","2359",-6.00,0.00,,0.00,,,,,,
2026,3,7,15,2,2026-07-15,"XX",876,"DFW","Dallas/Fort Worth, TX","ORD","Chicago, IL","1956","1956",-3.00,0.00,"2359","2359",-6.00,0.00,,0.00,,,,,,
2026,3,7,15,2,2026-07-15,"XX",877,"DFW","Dallas/Fort Worth, TX","ORD","Chicago, IL","1903","1903",-3.00,0.00,"2359","2359",-6.00,0.00,,0.00,,,,,,
2026,3,7,15,2,2026-07-15,"XX",878,"DFW","Dallas/Fort Worth, TX","ORD","Chicago, IL","1910","1910",-3.00,0.00,"2359","2359",-6.00,0.00,,0.00,,,,,,
2026,3,7,15,2,2026-07-15,"XX",879,"DFW","Dallas/Fort Worth, TX","ORD","Chicago, IL","1917","1917",-3.00,0.00,"2359","2359",-6.00,0.00,,0.00,,,,,,
2026,3,7,15,2,2026-07-15,"XX",880,"DFW","Dallas/Fort Worth, TX","ORD","Chicago, IL","2000","2000",,0.00,"2359","2359",,1.00,"B",0.00,,,,,,
2026,3,7,15,2,2026-07-15,"XX",881,"DFW","Dallas/Fort Worth, TX","ORD","Chicago, IL","2007","2007",,0.00,"2359","2359",,1.00,"B",0.00,,,,,,
2026,3,7,15,2,2026-07-15,"XX",882,"DFW","Dallas/Fort Worth, TX","ORD","Chicago, IL","2014","2014",48.00,1.00,"2359","2359",41.00,0.00,,0.00,0.00,30.00,11.00,0.00,0.00,
2026,3,7,15,2,2026-07-15,"XX",883,"DFW","Dallas/Fort Worth, TX","ORD","Chicago, IL","2021","2021",48.00,1.00,"2359","2359",41.00,0.00,,0.00,0.00,30.00,11.00,0.00,0.00,
2026,3,7,15,2,2026-07-15,"XX",884,"DFW","Dallas/Fort Worth, TX","ORD","Chicago, IL","2028","2028",48.00,1.00,"2359","2359",41.00,0.00,,0.00,0.00,30.00,11.00,0.00,0.00,
2026,3,7,15,2,2026-07-15,"XX",885,"DFW","Dallas/Fort Worth, TX","ORD","Chicago, IL","2035","2035",48.00,1.00,"2359","2359",41.00,0.00,,0.00,0.00,30.00,11.00,0.00,0.00,
2026,3,7,15,2,2026-07-15,"XX",886,"DFW","Dallas/Fort Worth, TX","ORD","Chicago, IL","2042","2042",-3.00,0.00,"2359","2359",-6.00,0.00,,0.00,,,,,,
2026,3,7,15,2,2026-07-15,"XX",887,"DFW","Dallas/Fort Worth, TX","ORD","Chicago, IL","2049","2049",-3.00,0.00,"2359","2359",-6.00,0.00,,0.00,,,,,,
2026,3,7,15,2,2026-07-15,"XX",888,"DFW","Dallas/Fort Worth, TX","ORD","Chicago, IL","2056","2056",-3.00,0.00,"2359","2359",-6.00,0.00,,0.00,,,,,,
2026,3,7,15,2,2026-07-15,"XX",889,"DFW","Dallas/Fort Worth, TX","ORD","Chicago, IL","2003","2003",-3.00,0.00,"2359","2359",-6.00,0.00,,0.00,,,,,,
2026,3,7,15,2,2026-07-15,"XX",890,"DFW","Dallas/Fort Worth, TX","ORD","Chicago, IL","2010","2010",-3.00,0.00,"2359","2359",-6.00,0.00,,0.00,,,,,,
2026,3,7,15,2,2026-07-15,"XX",891,"DFW","Dallas/Fort Worth, TX","ORD","Chicago, IL","2017","2017",-3.00,0.00,"2359","2359",-6.00,0.00,,0.00,,,,,,
2026,3,7,15,2,2026-07-15,"XX",892,"DFW","Dallas/Fort Worth, TX","ORD","Chicago, IL","2100","2100",-3.00,0.00,"2359","2359",-6.00,0.00,,0.00,,,,,,
2026,3,7,15,2,2026-07-15,"XX",893,"DFW","Dallas/Fort Worth, TX","ORD","Chicago, IL","2107","2107",-3.00,0.00,"2359","2359",-6.00,0.00,,0.00,,,,,,
2026,3,7,15,2,2026-07-15,"XX",894,"DFW","Dallas/Fort Worth, TX","ORD","Chicago, IL","2114","2114",-3.00,0.00,"2359","2359",-6.00,0.00,,0.00,,,,,,
2026,3,7,15,2,2026-07-15,"XX",895,"DFW","Dallas/Fort Worth, TX","ORD","Chicago, IL","2121","2121",-3.00,0.00,"2359","2359",-6.00,0.00,,0.00,,,,,,
2026,3,7,15,2,2026-07-15,"XX",896,"DFW","Dallas/Fort Worth, TX","ORD","Chicago, IL","2128","2128",-3.00,0.00,"2359","2359",-6.00,0.00,,0.00,,,,,,
2026,3,7,15,2,2026-07-15,"XX",897,"DFW","Dallas/Fort Worth, TX","ORD","Chicago, IL","2135","2135",-3.00,0.00,"2359","2359",-6.00,0.00,,0.00,,,,,,
2026,3,7,15,2,2026-07-15,"XX",898,"DFW","Dallas/Fort Worth, TX","ORD","Chicago, IL","2142","2142",-3.00,0.00,"2359","2359",-6.00,0.00,,0.00,,,,,,
2026,3,7,15,2,2026-07-15,"XX",899,"DFW","Dallas/Fort Worth, TX","ORD","Chicago, IL","2149","2149",-3.00,0.00,"2359","2359",-6.00,0.00,,0.00,,,,,,
2026,3,7,15,2,2026-07-15,"XX",900,"DFW","Dallas/Fort Worth, TX","ORD","Chicago, IL","2156","2156",-3.00,0.00,"2359","2359",-6.00,0.00,,0.00,,,,,,
2026,3,7,15,2,2026-07-15,"XX",901,"DFW","Dallas/Fort Worth, TX","ORD","Chicago, IL","2103","2103",-3.00,0.00,"2359","2359",-6.00,0.00,,0.00,,,,,,
2026,3,7,15,2,2026-07-15,"XX",902,"DFW","Dallas/Fort Worth, TX","ORD","Chicago, IL","2110","2110",-3.00,0.00,"2359","2359",-6.00,0.00,,0.00,,,,,,
2026,3,7,15,2,2026-07-15,"XX",903,"DFW","Dallas/Fort Worth, TX","ORD","Chicago, IL","2117","2117",22.00,1.00,"2359","2359",18.00,0.00,,0.00,18.00,0.00,0.00,0.00,0.00,
2026,3,7,15,2,2026-07-15,"XX",904,"DFW","Dallas/Fort Worth, TX","ORD","Chicago, IL","2200","2200",-3.00,0.00,"2359","2359",-6.00,0.00,,0.00,,,,,,
2026,3,7,15,2,2026-07-15,"XX",905,"DFW","Dallas/Fort Worth, TX","ORD","Chicago, IL","2207","2207",-3.00,0.00,"2359","2359",-6.00,0.00,,0.00,,,,,,
2026,3,7,15,2,2026-07-15,"XX",906,"DFW","Dallas/Fort Worth, TX","ORD","Chicago, IL","2214","2214",-3.00,0.00,"2359","2359",-6.00,0.00,,0.00,,,,,,
2026,3,7,15,2,2026-07-15,"XX",907,"DFW","Dallas/Fort Worth, TX","ORD","Chicago, IL","2221","2221",-3.00,0.00,"2359","2359",-6.00,0.00,,0.00,,,,,,
2026,3,7,15,2,2026-07-15,"XX",908,"DFW","Dallas/Fort Worth, TX","ORD","Chicago, IL","2228","2228",-3.00,0.00,"2359","2359",-6.00,0.00,,0.00,,,,,,
2026,3,7,15,2,2026-07-15,"XX",909,"DFW","Dallas/Fort Worth, TX","ORD","Chicago, IL","2235","2235",-3.00,0.00,"2359","2359",-6.00,0.00,,0.00,,,,,,
2026,3,7,15,2,2026-07-15,"XX",910,"DFW","Dallas/Fort Worth, TX","ORD","Chicago, IL","2242","2242",-3.00,0.00,"2359","2359",-6.00,0.00,,0.00,,,,,,
2026,3,7,15,2,2026-07-15,"XX",911,"DFW","Dallas/Fort Worth, TX","ORD","Chicago, IL","2249","2249",-3.00,0.00,"2359","2359",-6.00,0.00,,0.00,,,,,,
2026,3,7,15,2,2026-07-15,"XX",912,"DFW","Dallas/Fort Worth, TX","ORD","Chicago, IL","2256","2256",-3.00,0.00,"2359","2359",-6.00,0.00,,0.00,,,,,,
2026,3,7,15,2,2026-07-15,"XX",913,"DFW","Dallas/Fort Worth, TX","ORD","Chicago, IL","2203","2203",-3.00,0.00,"2359","2359",-6.00,0.00,,0.00,,,,,,
2026,3,7,15,2,2026-07-15,"XX",914,"DFW","Dallas/Fort Worth, TX","ORD","Chicago, IL","2210","2210",-3.00,0.00,"2359","2359",-6.00,0.00,,0.00,,,,,,
2026,3,7,15,2,2026-07-15,"XX",915,"DFW","Dallas/Fort Worth, TX","ORD","Chicago, IL","2217","2217",-3.00,0.00,"2359","2359",-6.00,0.00,,0.00,,,,,,
2026,3,7,16,2,2026-07-16,"XX",916,"DFW","Dallas/Fort Worth, TX","ORD","Chicago, IL","0600","0600",-3.00,0.00,"2359","2359",-6.00,0.00,,0.00,,,,,,
2026,3,7,16,2,2026-07-16,"XX",917,"DFW","Dallas/Fort Worth, TX","ORD","Chicago, IL","0607","0607",-3.00,0.00,"2359","2359",-6.00,0.00,,0.00,,,,,,
2026,3,7,16,2,2026-07-16,"XX",918,"DFW","Dallas/Fort Worth, TX","ORD","Chicago, IL","0614","0614",-3.00,0.00,"2359","2359",-6.00,0.00,,0.00,,,,,,
2026,3,7,16,2,2026-07-16,"XX",919,"DFW","Dallas/Fort Worth, TX","ORD","Chicago, IL","0621","0621",-3.00,0.00,"2359","2359",-6.00,0.00,,0.00,,,,,,
2026,3,7,16,2,2026-07-16,"XX",920,"DFW","Dallas/Fort Worth, TX","ORD","Chicago, IL","0628","0628",-3.00,0.00,"2359","2359",-6.00,0.00,,0.00,,,,,,
2026,3,7,16,2,2026-07-16,"XX",921,"DFW","Dallas/Fort Worth, TX","ORD","Chicago, IL","0635","0635",-3.00,0.00,"2359","2359",-6.00,0.00,,0.00,,,,,,
2026,3,7,16,2,2026-07-16,"XX",922,"DFW","Dallas/Fort Worth, TX","ORD","Chicago, IL","0642","0642",-3.00,0.00,"2359","2359",-6.00,0.00,,0.00,,,,,,
2026,3,7,16,2,2026-07-16,"XX",923,"DFW","Dallas/Fort Worth, TX","ORD","Chicago, IL","0649","0649",-3.00,0.00,"2359","2359",-6.00,0.00,,0.00,,,,,,
2026,3,7,16,2,2026-07-16,"XX",924,"DFW","Dallas/Fort Worth, TX","ORD","Chicago, IL","0656","0656",-3.00,0.00,"2359","2359",-6.00,0.00,,0.00,,,,,,
2026,3,7,16,2,2026-07-16,"XX",925,"DFW","Dallas/Fort Worth, TX","ORD","Chicago, IL","0603","0603",-3.00,0.00,"2359","2359",-6.00,0.00,,0.00,,,,,,
2026,3,7,16,2,2026-07-16,"XX",926,"DFW","Dallas/Fort Worth, TX","ORD","Chicago, IL","0610","0610",-3.00,0.00,"2359","2359",-6.00,0.00,,0.00,,,,,,
2026,3,7,16,2,2026-07-16,"XX",927,"DFW","Dallas/Fort Worth, TX","ORD","Chicago, IL","0617","0617",22.00,1.00,"2359","2359",18.00,0.00,,0.00,18.00,0.00,0.00,0.00,0.00,
2026,3,7,16,2,2026-07-16,"XX",928,"DFW","Dallas/Fort Worth, TX","ORD","Chicago, IL","0700","0700",-3.00,0.00,"2359","2359",-6.00,0.00,,0.00,,,,,,
2026,3,7,16,2,2026-07-16,"XX",929,"DFW","Dallas/Fort Worth, TX","ORD","Chicago, IL","0707","0707",-3.00,0.00,"2359","2359",-6.00,0.00,,0.00,,,,,,
2026,3,7,16,2,2026-07-16,"XX",930,"DFW","Dallas/Fort Worth, TX","ORD","Chicago, IL","0714","0714",-3.00,0.00,"2359","2359",-6.00,0.00,,0.00,,,,,,
2026,3,7,16,2,2026-07-16,"XX",931,"DFW","Dallas/Fort Worth, TX","ORD","Chicago, IL","0721","0721",-3.00,0.00,"2359","2359",-6.00,0.00,,0.00,,,,,,
2026,3,7,16,2,2026-07-16,"XX",932,"DFW","Dallas/Fort Worth, TX","ORD","Chicago, IL","0728","0728",-3.00,0.00,"2359","2359",-6.00,0.00,,0.00,,,,,,
2026,3,7,16,2,2026-07-16,"XX",933,"DFW","Dallas/Fort Worth, TX","ORD","Chicago, IL","0735","0735",-3.00,0.00,"2359","2359",-6.00,0.00,,0.00,,,,,,
2026,3,7,16,2,2026-07-16,"XX",934,"DFW","Dallas/Fort Worth, TX","ORD","Chicago, IL","0742","0742",-3.00,0.00,"2359","2359",-6.00,0.00,,0.00,,,,,,
2026,3,7,16,2,2026-07-16,"XX",935,"DFW","Dallas/Fort Worth, TX","ORD","Chicago, IL","0749","0749",-3.00,0.00,"2359","2359",-6.00,0.00,,0.00,,,,,,
2026,3,7,16,2,2026-07-16,"XX",936,"DFW","Dallas/Fort Worth, TX","ORD","Chicago, IL","0756","0756",-3.00,0.00,"2359","2359",-6.00,0.00,,0.00,,,,,,
2026,3,7,16,2,2026-07-16,"XX",937,"DFW","Dallas/Fort Worth, TX","ORD","Chicago, IL","0703","0703",-3.00,0.00,"2359","2359",-6.00,0.00,,0.00,,,,,,
2026,3,7,16,2,2026-07-16,"XX",938,"DFW","Dallas/Fort Worth, TX","ORD","Chicago, IL","0710","0710",-3.00,0.00,"2359","2359",-6.00,0.00,,0.00,,,,,,
2026,3,7,16,2,2026-07-16,"XX",939,"DFW","Dallas/Fort Worth, TX","ORD","Chicago, IL","0717","0717",-3.00,0.00,"2359","2359",-6.00,0.00,,0.00,,,,,,
2026,3,7,16,2,2026-07-16,"XX",940,"DFW","Dallas/Fort Worth, TX","ORD","Chicago, IL","0800","0800",-3.00,0.00,"2359","2359",-6.00,0.00,,0.00,,,,,,
2026,3,7,16,2,2026-07-16,"XX",941,"DFW","Dallas/Fort Worth, TX","ORD","Chicago, IL","0807","0807",-3.00,0.00,"2359","2359",-6.00,0.00,,0.00,,,,,,
2026,3,7,16,2,2026-07-16,"XX",942,"DFW","Dallas/Fort Worth, TX","ORD","Chicago, IL","0814","0814",-3.00,0.00,"2359","2359",-6.00,0.00,,0.00,,,,,,
2026,3,7,16,2,2026-07-16,"XX",943,"DFW","Dallas/Fort Worth, TX","ORD","Chicago, IL","0821","0821",-3.00,0.00,"2359","2359",-6.00,0.00,,0.00,,,,,,
2026,3,7,16,2,2026-07-16,"XX",944,"DFW","Dallas/Fort Worth, TX","ORD","Chicago, IL","0828","0828",-3.00,0.00,"2359","2359",-6.00,0.00,,0.00,,,,,,
2026,3,7,16,2,2026-07-16,"XX",945,"DFW","Dallas/Fort Worth, TX","ORD","Chicago, IL","0835","0835",-3.00,0.00,"2359","2359",-6.00,0.00,,0.00,,,,,,
2026,3,7,16,2,2026-07-16,"XX",946,"DFW","Dallas/Fort Worth, TX","ORD","Chicago, IL","0842","0842",-3.00,0.00,"2359","2359",-6.00,0.00,,0.00,,,,,,
2026,3,7,16,2,2026-07-16,"XX",947,"DFW","Dallas/Fort Worth, TX","ORD","Chicago, IL","0849","0849",-3.00,0.00,"2359","2359",-6.00,0.00,,0.00,,,,,,
2026,3,7,16,2,2026-07-16,"XX",948,"DFW","Dallas/Fort Worth, TX","ORD","Chicago, IL","0856","0856",-3.00,0.00,"2359","2359",-6.00,0.00,,0.00,,,,,,
2026,3,7,16,2,2026-07-16,"XX",949,"DFW","Dallas/Fort Worth, TX","ORD","Chicago, IL","0803","0803",-3.00,0.00,"2359","2359",-6.00,0.00,,0.00,,,,,,
2026,3,7,16,2,2026-07-16,"XX",950,"DFW","Dallas/Fort Worth, TX","ORD","Chicago, IL","0810","0810",-3.00,0.00,"2359","2359",-6.00,0.00,,0.00,,,,,,
2026,3,7,16,2,2026-07-16,"XX",951,"DFW","Dallas/Fort Worth, TX","ORD","Chicago, IL","0817","0817",-3.00,0.00,"2359","2359",-6.00,0.00,,0.00,,,,,,
2026,3,7,16,2,2026-07-16,"XX",952,"DFW","Dallas/Fort Worth, TX","ORD","Chicago, IL","0900","0900",-3.00,0.00,"2359","2359",-6.00,0.00,,0.00,,,,,,
2026,3,7,16,2,2026-07-16,"XX",953,"DFW","Dallas/Fort Worth, TX","ORD","Chicago, IL","0907","0907",-3.00,0.00,"2359","2359",-6.00,0.00,,0.00,,,,,,
2026,3,7,16,2,2026-07-16,"XX",954,"DFW","Dallas/Fort Worth, TX","ORD","Chicago, IL","0914","0914",-3.00,0.00,"2359","2359",-6.00,0.00,,0.00,,,,,,
2026,3,7,16,2,2026-07-16,"XX",955,"DFW","Dallas/Fort Worth, TX","ORD","Chicago, IL","0921","0921",-3.00,0.00,"2359","2359",-6.00,0.00,,0.00,,,,,,
2026,3,7,16,2,2026-07-16,"XX",956,"DFW","Dallas/Fort Worth, TX","ORD","Chicago, IL","0928","0928",-3.00,0.00,"2359","2359",-6.00,0.00,,0.00,,,,,,
2026,3,7,16,2,2026-07-16,"XX",957,"DFW","Dallas/Fort Worth, TX","ORD","Chicago, IL","0935","0935",-3.00,0.00,"2359","2359",-6.00,0.00,,0.00,,,,,,
2026,3,7,16,2,2026-07-16,"XX",958,"DFW","Dallas/Fort Worth, TX","ORD","Chicago, IL","0942","0942",-3.00,0.00,"2359","2359",-6.00,0.00,,0.00,,,,,,
2026,3,7,16,2,2026-07-16,"XX",959,"DFW","Dallas/Fort Worth, TX","ORD","Chicago, IL","0949","0949",-3.00,0.00,"2359","2359",-6.00,0.00,,0.00,,,,,,
2026,3,7,16,2,2026-07-16,"XX",960,"DFW","Dallas/Fort Worth, TX","ORD","Chicago, IL","0956","0956",-3.00,0.00,"2359","2359",-6.00,0.00,,0.00,,,,,,
2026,3,7,16,2,2026-07-16,"XX",961,"DFW","Dallas/Fort Worth, TX","ORD","Chicago, IL","0903","0903",-3.00,0.00,"2359","2359",-6.00,0.00,,0.00,,,,,,
2026,3,7,16,2,2026-07-16,"XX",962,"DFW","Dallas/Fort Worth, TX","ORD","Chicago, IL","0910","0910",-3.00,0.00,"2359","2359",-6.00,0.00,,0.00,,,,,,
2026,3,7,16,2,2026-07-16,"XX",963,"DFW","Dallas/Fort Worth, TX","ORD","Chicago, IL","0917","0917",22.00,1.00,"2359","2359",18.00,0.00,,0.00,18.00,0.00,0.00,0.00,0.00,
2026,3,7,16,2,2026-07-16,"XX",964,"DFW","Dallas/Fort Worth, TX","ORD","Chicago, IL","1000","1000",-3.00,0.00,"2359","2359",-6.00,0.00,,0.00,,,,,,
2026,3,7,16,2,2026-07-16,"XX",965,"DFW","Dallas/Fort Worth, TX","ORD","Chicago, IL","1007","1007",-3.00,0.00,"2359","2359",-6.00,0.00,,0.00,,,,,,
2026,3,7,16,2,2026-07-16,"XX",966,"DFW","Dallas/Fort Worth, TX","ORD","Chicago, IL","1014","1014",-3.00,0.00,"2359","2359",-6.00,0.00,,0.00,,,,,,
2026,3,7,16,2,2026-07-16,"XX",967,"DFW","Dallas/Fort Worth, TX","ORD","Chicago, IL","1021","1021",-3.00,0.00,"2359","2359",-6.00,0.00,,0.00,,,,,,
2026,3,7,16,2,2026-07-16,"XX",968,"DFW","Dallas/Fort Worth, TX","ORD","Chicago, IL","1028","1028",-3.00,0.00,"2359","2359",-6.00,0.00,,0.00,,,,,,
2026,3,7,16,2,2026-07-16,"XX",969,"DFW","Dallas/Fort Worth, TX","ORD","Chicago, IL","1035","1035",-3.00,0.00,"2359","2359",-6.00,0.00,,0.00,,,,,,
2026,3,7,16,2,2026-07-16,"XX",970,"DFW","Dallas/Fort Worth, TX","ORD","Chicago, IL","1042","1042",-3.00,0.00,"2359","2359",-6.00,0.00,,0.00,,,,,,
2026,3,7,16,2,2026-07-16,"XX",971,"DFW","Dallas/Fort Worth, TX","ORD","Chicago, IL","1049","1049",-3.00,0.00,"2359","2359",-6.00,0.00,,0.00,,,,,,
2026,3,7,16,2,2026-07-16,"XX",972,"DFW","Dallas/Fort Worth, TX","ORD","Chicago, IL","1056","1056",-3.00,0.00,"2359","2359",-6.00,0.00,,0.00,,,,,,
2026,3,7,16,2,2026-07-16,"XX",973,"DFW","Dallas/Fort Worth, TX","ORD","Chicago, IL","1003","1003",-3.00,0.00,"2359","2359",-6.00,0.00,,0.00,,,,,,
2026,3,7,16,2,2026-07-16,"XX",974,"DFW","Dallas/Fort Worth, TX","ORD","Chicago, IL","1010","1010",-3.00,0.00,"2359","2359",-6.00,0.00,,0.00,,,,,,
2026,3,7,16,2,2026-07-16,"XX",975,"DFW","Dallas/Fort Worth, TX","ORD","Chicago, IL","1017","1017",-3.00,0.00,"2359","2359",-6.00,0.00,,0.00,,,,,,
2026,3,7,16,2,2026-07-16,"XX",976,"DFW","Dallas/Fort Worth, TX","ORD","Chicago, IL","1100","1100",-3.00,0.00,"2359","2359",-6.00,0.00,,0.00,,,,,,
2026,3,7,16,2,2026-07-16,"XX",977,"DFW","Dallas/Fort Worth, TX","ORD","Chicago, IL","1107","1107",-3.00,0.00,"2359","2359",-6.00,0.00,,0.00,,,,,,
2026,3,7,16,2,2026-07-16,"XX",978,"DFW","Dallas/Fort Worth, TX","ORD","Chicago, IL","1114","1114",-3.00,0.00,"2359","2359",-6.00,0.00,,0.00,,,,,,
2026,3,7,16,2,2026-07-16,"XX",979,"DFW","Dallas/Fort Worth, TX","ORD","Chicago, IL","1121","1121",-3.00,0.00,"2359","2359",-6.00,0.00,,0.00,,,,,,
2026,3,7,16,2,2026-07-16,"XX",980,"DFW","Dallas/Fort Worth, TX","ORD","Chicago, IL","1128","1128",-3.00,0.00,"2359","2359",-6.00,0.00,,0.00,,,,,,
2026,3,7,16,2,2026-07-16,"XX",981,"DFW","Dallas/Fort Worth, TX","ORD","Chicago, IL","1135","1135",-3.00,0.00,"2359","2359",-6.00,0.00,,0.00,,,,,,
2026,3,7,16,2,2026-07-16,"XX",982,"DFW","Dallas/Fort Worth, TX","ORD","Chicago, IL","1142","1142",-3.00,0.00,"2359","2359",-6.00,0.00,,0.00,,,,,,
2026,3,7,16,2,2026-07-16,"XX",983,"DFW","Dallas/Fort Worth, TX","ORD","Chicago, IL","1149","1149",-3.00,0.00,"2359","2359",-6.00,0.00,,0.00,,,,,,
2026,3,7,16,2,2026-07-16,"XX",984,"DFW","Dallas/Fort Worth, TX","ORD","Chicago, IL","1156","1156",-3.00,0.00,"2359","2359",-6.00,0.00,,0.00,,,,,,
2026,3,7,16,2,2026-07-16,"XX",985,"DFW","Dallas/Fort Worth, TX","ORD","Chicago, IL","1103","1103",-3.00,0.00,"2359","2359",-6.00,0.00,,0.00,,,,,,
2026,3,7,16,2,2026-07-16,"XX",986,"DFW","Dallas/Fort Worth, TX","ORD","Chicago, IL","1110","1110",-3.00,0.00,"2359","2359",-6.00,0.00,,0.00,,,,,,
2026,3,7,16,2,2026-07-16,"XX",987,"DFW","Dallas/Fort Worth, TX","ORD","Chicago, IL","1117","1117",-3.00,0.00,"2359","2359",-6.00,0.00,,0.00,,,,,,
2026,3,7,16,2,2026-07-16,"XX",988,"DFW","Dallas/Fort Worth, TX","ORD","Chicago, IL","1200","1200",-3.00,0.00,"2359","2359",-6.00,0.00,,0.00,,,,,,
2026,3,7,16,2,2026-07-16,"XX",989,"DFW","Dallas/Fort Worth, TX","ORD","Chicago, IL","1207","1207",-3.00,0.00,"2359","2359",-6.00,0.00,,0.00,,,,,,
2026,3,7,16,2,2026-07-16,"XX",990,"DFW","Dallas/Fort Worth, TX","ORD","Chicago, IL","1214","1214",-3.00,0.00,"2359","2359",-6.00,0.00,,0.00,,,,,,
2026,3,7,16,2,2026-07-16,"XX",991,"DFW","Dallas/Fort Worth, TX","ORD","Chicago, IL","1221","1221",-3.00,0.00,"2359","2359",-6.00,0.00,,0.00,,,,,,
2026,3,7,16,2,2026-07-16,"XX",992,"DFW","Dallas/Fort Worth, TX","ORD","Chicago, IL","1228","1228",-3.00,0.00,"2359","2359",-6.00,0.00,,0.00,,,,,,
2026,3,7,16,2,2026-07-16,"XX",993,"DFW","Dallas/Fort Worth, TX","ORD","Chicago, IL","1235","1235",-3.00,0.00,"2359","2359",-6.00,0.00,,0.00,,,,,,
2026,3,7,16,2,2026-07-16,"XX",994,"DFW","Dallas/Fort Worth, TX","ORD","Chicago, IL","1242","1242",-3.00,0.00,"2359","2359",-6.00,0.00,,0.00,,,,,,
2026,3,7,16,2,2026-07-16,"XX",995,"DFW","Dallas/Fort Worth, TX","ORD","Chicago, IL","1249","1249",-3.00,0.00,"2359","2359",-6.00,0.00,,0.00,,,,,,
2026,3,7,16,2,2026-07-16,"XX",996,"DFW","Dallas/Fort Worth, TX","ORD","Chicago, IL","1256","1256",-3.00,0.00,"2359","2359",-6.00,0.00,,0.00,,,,,,
2026,3,7,16,2,2026-07-16,"XX",997,"DFW","Dallas/Fort Worth, TX","ORD","Chicago, IL","1203","1203",-3.00,0.00,"2359","2359",-6.00,0.00,,0.00,,,,,,
2026,3,7,16,2,2026-07-16,"XX",998,"DFW","Dallas/Fort Worth, TX","ORD","Chicago, IL","1210","1210",-3.00,0.00,"2359","2359",-6.00,0.00,,0.00,,,,,,
2026,3,7,16,2,2026-07-16,"XX",999,"DFW","Dallas/Fort Worth, TX","ORD","Chicago, IL","1217","1217",22.00,1.00,"2359","2359",18.00,0.00,,0.00,18.00,0.00,0.00,0.00,0.00,
2026,3,7,16,2,2026-07-16,"XX",1000,"DFW","Dallas/Fort Worth, TX","ORD","Chicago, IL","1300","1300",-3.00,0.00,"2359","2359",-6.00,0.00,,0.00,,,,,,
2026,3,7,16,2,2026-07-16,"XX",1001,"DFW","Dallas/Fort Worth, TX","ORD","Chicago, IL","1307","1307",-3.00,0.00,"2359","2359",-6.00,0.00,,0.00,,,,,,
2026,3,7,16,2,2026-07-16,"XX",1002,"DFW","Dallas/Fort Worth, TX","ORD","Chicago, IL","1314","1314",-3.00,0.00,"2359","2359",-6.00,0.00,,0.00,,,,,,
2026,3,7,16,2,2026-07-16,"XX",1003,"DFW","Dallas/Fort Worth, TX","ORD","Chicago, IL","1321","1321",-3.00,0.00,"2359","2359",-6.00,0.00,,0.00,,,,,,
2026,3,7,16,2,2026-07-16,"XX",1004,"DFW","Dallas/Fort Worth, TX","ORD","Chicago, IL","1328","1328",-3.00,0.00,"2359","2359",-6.00,0.00,,0.00,,,,,,
2026,3,7,16,2,2026-07-16,"XX",1005,"DFW","Dallas/Fort Worth, TX","ORD","Chicago, IL","1335","1335",-3.00,0.00,"2359","2359",-6.00,0.00,,0.00,,,,,,
2026,3,7,16,2,2026-07-16,"XX",1006,"DFW","Dallas/Fort Worth, TX","ORD","Chicago, IL","1342","1342",-3.00,0.00,"2359","2359",-6.00,0.00,,0.00,,,,,,
2026,3,7,16,2,2026-07-16,"XX",1007,"DFW","Dallas/Fort Worth, TX","ORD","Chicago, IL","1349","1349",-3.00,0.00,"2359","2359",-6.00,0.00,,0.00,,,,,,
2026,3,7,16,2,2026-07-16,"XX",1008,"DFW","Dallas/Fort Worth, TX","ORD","Chicago, IL","1356","1356",-3.00,0.00,"2359","2359",-6.00,0.00,,0.00,,,,,,
2026,3,7,16,2,2026-07-16,"XX",1009,"DFW","Dallas/Fort Worth, TX","ORD","Chicago, IL","1303","1303",-3.00,0.00,"2359","2359",-6.00,0.00,,0.00,,,,,,
2026,3,7,16,2,2026-07-16,"XX",1010,"DFW","Dallas/Fort Worth, TX","ORD","Chicago, IL","1310","1310",-3.00,0.00,"2359","2359",-6.00,0.00,,0.00,,,,,,
2026,3,7,16,2,2026-07-16,"XX",1011,"DFW","Dallas/Fort Worth, TX","ORD","Chicago, IL","1317","1317",-3.00,0.00,"2359","2359",-6.00,0.00,,0.00,,,,,,
2026,3,7,16,2,2026-07-16,"XX",1012,"DFW","Dallas/Fort Worth, TX","ORD","Chicago, IL","1400","1400",-3.00,0.00,"2359","2359",-6.00,0.00,,0.00,,,,,,
2026,3,7,16,2,2026-07-16,"XX",1013,"DFW","Dallas/Fort Worth, TX","ORD","Chicago, IL","1407","1407",-3.00,0.00,"2359","2359",-6.00,0.00,,0.00,,,,,,
2026,3,7,16,2,2026-07-16,"XX",1014,"DFW","Dallas/Fort Worth, TX","ORD","Chicago, IL","1414","1414",-3.00,0.00,"2359","2359",-6.00,0.00,,0.00,,,,,,
2026,3,7,16,2,2026-07-16,"XX",1015,"DFW","Dallas/Fort Worth, TX","ORD","Chicago, IL","1421","1421",-3.00,0.00,"2359","2359",-6.00,0.00,,0.00,,,,,,
2026,3,7,16,2,2026-07-16,"XX",1016,"DFW","Dallas/Fort Worth, TX","ORD","Chicago, IL","1428","1428",-3.00,0.00,"2359","2359",-6.00,0.00,,0.00,,,,,,
2026,3,7,16,2,2026-07-16,"XX",1017,"DFW","Dallas/Fort Worth, TX","ORD","Chicago, IL","1435","1435",-3.00,0.00,"2359","2359",-6.00,0.00,,0.00,,,,,,
2026,3,7,16,2,2026-07-16,"XX",1018,"DFW","Dallas/Fort Worth, TX","ORD","Chicago, IL","1442","1442",-3.00,0.00,"2359","2359",-6.00,0.00,,0.00,,,,,,
2026,3,7,16,2,2026-07-16,"XX",1019,"DFW","Dallas/Fort Worth, TX","ORD","Chicago, IL","1449","1449",-3.00,0.00,"2359","2359",-6.00,0.00,,0.00,,,,,,
2026,3,7,16,2,2026-07-16,"XX",1020,"DFW","Dallas/Fort Worth, TX","ORD","Chicago, IL","1456","1456",-3.00,0.00,"2359","2359",-6.00,0.00,,0.00,,,,,,
2026,3,7,16,2,2026-07-16,"XX",1021,"DFW","Dallas/Fort Worth, TX","ORD","Chicago, IL","1403","1403",-3.00,0.00,"2359","2359",-6.00,0.00,,0.00,,,,,,
2026,3,7,16,2,2026-07-16,"XX",1022,"DFW","Dallas/Fort Worth, TX","ORD","Chicago, IL","1410","1410",-3.00,0.00,"2359","2359",-6.00,0.00,,0.00,,,,,,
2026,3,7,16,2,2026-07-16,"XX",1023,"DFW","Dallas/Fort Worth, TX","ORD","Chicago, IL","1417","1417",-3.00,0.00,"2359","2359",-6.00,0.00,,0.00,,,,,,
2026,3,7,16,2,2026-07-16,"XX",1024,"DFW","Dallas/Fort Worth, TX","ORD","Chicago, IL","1500","1500",-3.00,0.00,"2359","2359",-6.00,0.00,,0.00,,,,,,
2026,3,7,16,2,2026-07-16,"XX",1025,"DFW","Dallas/Fort Worth, TX","ORD","Chicago, IL","1507","1507",-3.00,0.00,"2359","2359",-6.00,0.00,,0.00,,,,,,
2026,3,7,16,2,2026-07-16,"XX",1026,"DFW","Dallas/Fort Worth, TX","ORD","Chicago, IL","1514","1514",-3.00,0.00,"2359","2359",-6.00,0.00,,0.00,,,,,,
2026,3,7,16,2,2026-07-16,"XX",1027,"DFW","Dallas/Fort Worth, TX","ORD","Chicago, IL","1521","1521",-3.00,0.00,"2359","2359",-6.00,0.00,,0.00,,,,,,
2026,3,7,16,2,2026-07-16,"XX",1028,"DFW","Dallas/Fort Worth, TX","ORD","Chicago, IL","1528","1528",-3.00,0.00,"2359","2359",-6.00,0.00,,0.00,,,,,,
2026,3,7,16,2,2026-07-16,"XX",1029,"DFW","Dallas/Fort Worth, TX","ORD","Chicago, IL","1535","1535",-3.00,0.00,"2359","2359",-6.00,0.00,,0.00,,,,,,
2026,3,7,16,2,2026-07-16,"XX",1030,"DFW","Dallas/Fort Worth, TX","ORD","Chicago, IL","1542","1542",-3.00,0.00,"2359","2359",-6.00,0.00,,0.00,,,,,,
2026,3,7,16,2,2026-07-16,"XX",1031,"DFW","Dallas/Fort Worth, TX","ORD","Chicago, IL","1549","1549",-3.00,0.00,"2359","2359",-6.00,0.00,,0.00,,,,,,
2026,3,7,16,2,2026-07-16,"XX",1032,"DFW","Dallas/Fort Worth, TX","ORD","Chicago, IL","1556","1556",-3.00,0.00,"2359","2359",-6.00,0.00,,0.00,,,,,,
2026,3,7,16,2,2026-07-16,"XX",1033,"DFW","Dallas/Fort Worth, TX","ORD","Chicago, IL","1503","1503",-3.00,0.00,"2359","2359",-6.00,0.00,,0.00,,,,,,
2026,3,7,16,2,2026-07-16,"XX",1034,"DFW","Dallas/Fort Worth, TX","ORD","Chicago, IL","1510","1510",-3.00,0.00,"2359","2359",-6.00,0.00,,0.00,,,,,,
2026,3,7,16,2,2026-07-16,"XX",1035,"DFW","Dallas/Fort Worth, TX","ORD","Chicago, IL","1517","1517",22.00,1.00,"2359","2359",18.00,0.00,,0.00,18.00,0.00,0.00,0.00,0.00,
2026,3,7,16,2,2026-07-16,"XX",1036,"DFW","Dallas/Fort Worth, TX","ORD","Chicago, IL","1600","1600",-3.00,0.00,"2359","2359",-6.00,0.00,,0.00,,,,,,
2026,3,7,16,2,2026-07-16,"XX",1037,"DFW","Dallas/Fort Worth, TX","ORD","Chicago, IL","1607","1607",-3.00,0.00,"2359","2359",-6.00,0.00,,0.00,,,,,,
2026,3,7,16,2,2026-07-16,"XX",1038,"DFW","Dallas/Fort Worth, TX","ORD","Chicago, IL","1614","1614",-3.00,0.00,"2359","2359",-6.00,0.00,,0.00,,,,,,
2026,3,7,16,2,2026-07-16,"XX",1039,"DFW","Dallas/Fort Worth, TX","ORD","Chicago, IL","1621","1621",-3.00,0.00,"2359","2359",-6.00,0.00,,0.00,,,,,,
2026,3,7,16,2,2026-07-16,"XX",1040,"DFW","Dallas/Fort Worth, TX","ORD","Chicago, IL","1628","1628",-3.00,0.00,"2359","2359",-6.00,0.00,,0.00,,,,,,
2026,3,7,16,2,2026-07-16,"XX",1041,"DFW","Dallas/Fort Worth, TX","ORD","Chicago, IL","1635","1635",-3.00,0.00,"2359","2359",-6.00,0.00,,0.00,,,,,,
2026,3,7,16,2,2026-07-16,"XX",1042,"DFW","Dallas/Fort Worth, TX","ORD","Chicago, IL","1642","1642",-3.00,0.00,"2359","2359",-6.00,0.00,,0.00,,,,,,
2026,3,7,16,2,2026-07-16,"XX",1043,"DFW","Dallas/Fort Worth, TX","ORD","Chicago, IL","1649","1649",-3.00,0.00,"2359","2359",-6.00,0.00,,0.00,,,,,,
2026,3,7,16,2,2026-07-16,"XX",1044,"DFW","Dallas/Fort Worth, TX","ORD","Chicago, IL","1656","1656",-3.00,0.00,"2359","2359",-6.00,0.00,,0.00,,,,,,
2026,3,7,16,2,2026-07-16,"XX",1045,"DFW","Dallas/Fort Worth, TX","ORD","Chicago, IL","1603","1603",-3.00,0.00,"2359","2359",-6.00,0.00,,0.00,,,,,,
2026,3,7,16,2,2026-07-16,"XX",1046,"DFW","Dallas/Fort Worth, TX","ORD","Chicago, IL","1610","1610",-3.00,0.00,"2359","2359",-6.00,0.00,,0.00,,,,,,
2026,3,7,16,2,2026-07-16,"XX",1047,"DFW","Dallas/Fort Worth, TX","ORD","Chicago, IL","1617","1617",-3.00,0.00,"2359","2359",-6.00,0.00,,0.00,,,,,,
2026,3,7,16,2,2026-07-16,"XX",1048,"DFW","Dallas/Fort Worth, TX","ORD","Chicago, IL","1700","1700",-3.00,0.00,"2359","2359",-6.00,0.00,,0.00,,,,,,
2026,3,7,16,2,2026-07-16,"XX",1049,"DFW","Dallas/Fort Worth, TX","ORD","Chicago, IL","1707","1707",-3.00,0.00,"2359","2359",-6.00,0.00,,0.00,,,,,,
2026,3,7,16,2,2026-07-16,"XX",1050,"DFW","Dallas/Fort Worth, TX","ORD","Chicago, IL","1714","1714",-3.00,0.00,"2359","2359",-6.00,0.00,,0.00,,,,,,
2026,3,7,16,2,2026-07-16,"XX",1051,"DFW","Dallas/Fort Worth, TX","ORD","Chicago, IL","1721","1721",-3.00,0.00,"2359","2359",-6.00,0.00,,0.00,,,,,,
2026,3,7,16,2,2026-07-16,"XX",1052,"DFW","Dallas/Fort Worth, TX","ORD","Chicago, IL","1728","1728",-3.00,0.00,"2359","2359",-6.00,0.00,,0.00,,,,,,
2026,3,7,16,2,2026-07-16,"XX",1053,"DFW","Dallas/Fort Worth, TX","ORD","Chicago, IL","1735","1735",-3.00,0.00,"2359","2359",-6.00,0.00,,0.00,,,,,,
2026,3,7,16,2,2026-07-16,"XX",1054,"DFW","Dallas/Fort Worth, TX","ORD","Chicago, IL","1742","1742",-3.00,0.00,"2359","2359",-6.00,0.00,,0.00,,,,,,
2026,3,7,16,2,2026-07-16,"XX",1055,"DFW","Dallas/Fort Worth, TX","ORD","Chicago, IL","1749","1749",-3.00,0.00,"2359","2359",-6.00,0.00,,0.00,,,,,,
2026,3,7,16,2,2026-07-16,"XX",1056,"DFW","Dallas/Fort Worth, TX","ORD","Chicago, IL","1756","1756",-3.00,0.00,"2359","2359",-6.00,0.00,,0.00,,,,,,
2026,3,7,16,2,2026-07-16,"XX",1057,"DFW","Dallas/Fort Worth, TX","ORD","Chicago, IL","1703","1703",-3.00,0.00,"2359","2359",-6.00,0.00,,0.00,,,,,,
2026,3,7,16,2,2026-07-16,"XX",1058,"DFW","Dallas/Fort Worth, TX","ORD","Chicago, IL","1710","1710",-3.00,0.00,"2359","2359",-6.00,0.00,,0.00,,,,,,
2026,3,7,16,2,2026-07-16,"XX",1059,"DFW","Dallas/Fort Worth, TX","ORD","Chicago, IL","1717","1717",-3.00,0.00,"2359","2359",-6.00,0.00,,0.00,,,,,,
2026,3,7,16,2,2026-07-16,"XX",1060,"DFW","Dallas/Fort Worth, TX","ORD","Chicago, IL","1800","1800",-3.00,0.00,"2359","2359",-6.00,0.00,,0.00,,,,,,
2026,3,7,16,2,2026-07-16,"XX",1061,"DFW","Dallas/Fort Worth, TX","ORD","Chicago, IL","1807","1807",-3.00,0.00,"2359","2359",-6.00,0.00,,0.00,,,,,,
2026,3,7,16,2,2026-07-16,"XX",1062,"DFW","Dallas/Fort Worth, TX","ORD","Chicago, IL","1814","1814",-3.00,0.00,"2359","2359",-6.00,0.00,,0.00,,,,,,
2026,3,7,16,2,2026-07-16,"XX",1063,"DFW","Dallas/Fort Worth, TX","ORD","Chicago, IL","1821","1821",-3.00,0.00,"2359","2359",-6.00,0.00,,0.00,,,,,,
2026,3,7,16,2,2026-07-16,"XX",1064,"DFW","Dallas/Fort Worth, TX","ORD","Chicago, IL","1828","1828",-3.00,0.00,"2359","2359",-6.00,0.00,,0.00,,,,,,
2026,3,7,16,2,2026-07-16,"XX",1065,"DFW","Dallas/Fort Worth, TX","ORD","Chicago, IL","1835","1835",-3.00,0.00,"2359","2359",-6.00,0.00,,0.00,,,,,,
2026,3,7,16,2,2026-07-16,"XX",1066,"DFW","Dallas/Fort Worth, TX","ORD","Chicago, IL","1842","1842",-3.00,0.00,"2359","2359",-6.00,0.00,,0.00,,,,,,
2026,3,7,16,2,2026-07-16,"XX",1067,"DFW","Dallas/Fort Worth, TX","ORD","Chicago, IL","1849","1849",-3.00,0.00,"2359","2359",-6.00,0.00,,0.00,,,,,,
2026,3,7,16,2,2026-07-16,"XX",1068,"DFW","Dallas/Fort Worth, TX","ORD","Chicago, IL","1856","1856",-3.00,0.00,"2359","2359",-6.00,0.00,,0.00,,,,,,
2026,3,7,16,2,2026-07-16,"XX",1069,"DFW","Dallas/Fort Worth, TX","ORD","Chicago, IL","1803","1803",-3.00,0.00,"2359","2359",-6.00,0.00,,0.00,,,,,,
2026,3,7,16,2,2026-07-16,"XX",1070,"DFW","Dallas/Fort Worth, TX","ORD","Chicago, IL","1810","1810",-3.00,0.00,"2359","2359",-6.00,0.00,,0.00,,,,,,
2026,3,7,16,2,2026-07-16,"XX",1071,"DFW","Dallas/Fort Worth, TX","ORD","Chicago, IL","1817","1817",22.00,1.00,"2359","2359",18.00,0.00,,0.00,18.00,0.00,0.00,0.00,0.00,
2026,3,7,16,2,2026-07-16,"XX",1072,"DFW","Dallas/Fort Worth, TX","ORD","Chicago, IL","1900","1900",-3.00,0.00,"2359","2359",-6.00,0.00,,0.00,,,,,,
2026,3,7,16,2,2026-07-16,"XX",1073,"DFW","Dallas/Fort Worth, TX","ORD","Chicago, IL","1907","1907",-3.00,0.00,"2359","2359",-6.00,0.00,,0.00,,,,,,
2026,3,7,16,2,2026-07-16,"XX",1074,"DFW","Dallas/Fort Worth, TX","ORD","Chicago, IL","1914","1914",-3.00,0.00,"2359","2359",-6.00,0.00,,0.00,,,,,,
2026,3,7,16,2,2026-07-16,"XX",1075,"DFW","Dallas/Fort Worth, TX","ORD","Chicago, IL","1921","1921",-3.00,0.00,"2359","2359",-6.00,0.00,,0.00,,,,,,
2026,3,7,16,2,2026-07-16,"XX",1076,"DFW","Dallas/Fort Worth, TX","ORD","Chicago, IL","1928","1928",-3.00,0.00,"2359","2359",-6.00,0.00,,0.00,,,,,,
2026,3,7,16,2,2026-07-16,"XX",1077,"DFW","Dallas/Fort Worth, TX","ORD","Chicago, IL","1935","1935",-3.00,0.00,"2359","2359",-6.00,0.00,,0.00,,,,,,
2026,3,7,16,2,2026-07-16,"XX",1078,"DFW","Dallas/Fort Worth, TX","ORD","Chicago, IL","1942","1942",-3.00,0.00,"2359","2359",-6.00,0.00,,0.00,,,,,,
2026,3,7,16,2,2026-07-16,"XX",1079,"DFW","Dallas/Fort Worth, TX","ORD","Chicago, IL","1949","1949",-3.00,0.00,"2359","2359",-6.00,0.00,,0.00,,,,,,
2026,3,7,16,2,2026-07-16,"XX",1080,"DFW","Dallas/Fort Worth, TX","ORD","Chicago, IL","1956","1956",-3.00,0.00,"2359","2359",-6.00,0.00,,0.00,,,,,,
2026,3,7,16,2,2026-07-16,"XX",1081,"DFW","Dallas/Fort Worth, TX","ORD","Chicago, IL","1903","1903",-3.00,0.00,"2359","2359",-6.00,0.00,,0.00,,,,,,
2026,3,7,16,2,2026-07-16,"XX",1082,"DFW","Dallas/Fort Worth, TX","ORD","Chicago, IL","1910","1910",-3.00,0.00,"2359","2359",-6.00,0.00,,0.00,,,,,,
2026,3,7,16,2,2026-07-16,"XX",1083,"DFW","Dallas/Fort Worth, TX","ORD","Chicago, IL","1917","1917",-3.00,0.00,"2359","2359",-6.00,0.00,,0.00,,,,,,
2026,3,7,16,2,2026-07-16,"XX",1084,"DFW","Dallas/Fort Worth, TX","ORD","Chicago, IL","2000","2000",-3.00,0.00,"2359","2359",-6.00,0.00,,0.00,,,,,,
2026,3,7,16,2,2026-07-16,"XX",1085,"DFW","Dallas/Fort Worth, TX","ORD","Chicago, IL","2007","2007",-3.00,0.00,"2359","2359",-6.00,0.00,,0.00,,,,,,
2026,3,7,16,2,2026-07-16,"XX",1086,"DFW","Dallas/Fort Worth, TX","ORD","Chicago, IL","2014","2014",-3.00,0.00,"2359","2359",-6.00,0.00,,0.00,,,,,,
2026,3,7,16,2,2026-07-16,"XX",1087,"DFW","Dallas/Fort Worth, TX","ORD","Chicago, IL","2021","2021",-3.00,0.00,"2359","2359",-6.00,0.00,,0.00,,,,,,
2026,3,7,16,2,2026-07-16,"XX",1088,"DFW","Dallas/Fort Worth, TX","ORD","Chicago, IL","2028","2028",-3.00,0.00,"2359","2359",-6.00,0.00,,0.00,,,,,,
2026,3,7,16,2,2026-07-16,"XX",1089,"DFW","Dallas/Fort Worth, TX","ORD","Chicago, IL","2035","2035",-3.00,0.00,"2359","2359",-6.00,0.00,,0.00,,,,,,
2026,3,7,16,2,2026-07-16,"XX",1090,"DFW","Dallas/Fort Worth, TX","ORD","Chicago, IL","2042","2042",-3.00,0.00,"2359","2359",-6.00,0.00,,0.00,,,,,,
2026,3,7,16,2,2026-07-16,"XX",1091,"DFW","Dallas/Fort Worth, TX","ORD","Chicago, IL","2049","2049",-3.00,0.00,"2359","2359",-6.00,0.00,,0.00,,,,,,
2026,3,7,16,2,2026-07-16,"XX",1092,"DFW","Dallas/Fort Worth, TX","ORD","Chicago, IL","2056","2056",-3.00,0.00,"2359","2359",-6.00,0.00,,0.00,,,,,,
2026,3,7,16,2,2026-07-16,"XX",1093,"DFW","Dallas/Fort Worth, TX","ORD","Chicago, IL","2003","2003",-3.00,0.00,"2359","2359",-6.00,0.00,,0.00,,,,,,
2026,3,7,16,2,2026-07-16,"XX",1094,"DFW","Dallas/Fort Worth, TX","ORD","Chicago, IL","2010","2010",-3.00,0.00,"2359","2359",-6.00,0.00,,0.00,,,,,,
2026,3,7,16,2,2026-07-16,"XX",1095,"DFW","Dallas/Fort Worth, TX","ORD","Chicago, IL","2017","2017",-3.00,0.00,"2359","2359",-6.00,0.00,,0.00,,,,,,
2026,3,7,16,2,2026-07-16,"XX",1096,"DFW","Dallas/Fort Worth, TX","ORD","Chicago, IL","2100","2100",-3.00,0.00,"2359","2359",-6.00,0.00,,0.00,,,,,,
2026,3,7,16,2,2026-07-16,"XX",1097,"DFW","Dallas/Fort Worth, TX","ORD","Chicago, IL","2107","2107",-3.00,0.00,"2359","2359",-6.00,0.00,,0.00,,,,,,
2026,3,7,16,2,2026-07-16,"XX",1098,"DFW","Dallas/Fort Worth, TX","ORD","Chicago, IL","2114","2114",-3.00,0.00,"2359","2359",-6.00,0.00,,0.00,,,,,,
2026,3,7,16,2,2026-07-16,"XX",1099,"DFW","Dallas/Fort Worth, TX","ORD","Chicago, IL","2121","2121",-3.00,0.00,"2359","2359",-6.00,0.00,,0.00,,,,,,
2026,3,7,16,2,2026-07-16,"XX",1100,"DFW","Dallas/Fort Worth, TX","ORD","Chicago, IL","2128","2128",-3.00,0.00,"2359","2359",-6.00,0.00,,0.00,,,,,,
2026,3,7,16,2,2026-07-16,"XX",1101,"DFW","Dallas/Fort Worth, TX","ORD","Chicago, IL","2135","2135",-3.00,0.00,"2359","2359",-6.00,0.00,,0.00,,,,,,
2026,3,7,16,2,2026-07-16,"XX",1102,"DFW","Dallas/Fort Worth, TX","ORD","Chicago, IL","2142","2142",-3.00,0.00,"2359","2359",-6.00,0.00,,0.00,,,,,,
2026,3,7,16,2,2026-07-16,"XX",1103,"DFW","Dallas/Fort Worth, TX","ORD","Chicago, IL","2149","2149",-3.00,0.00,"2359","2359",-6.00,0.00,,0.00,,,,,,
2026,3,7,16,2,2026-07-16,"XX",1104,"DFW","Dallas/Fort Worth, TX","ORD","Chicago, IL","2156","2156",-3.00,0.00,"2359","2359",-6.00,0.00,,0.00,,,,,,
2026,3,7,16,2,2026-07-16,"XX",1105,"DFW","Dallas/Fort Worth, TX","ORD","Chicago, IL","2103","2103",-3.00,0.00,"2359","2359",-6.00,0.00,,0.00,,,,,,
2026,3,7,16,2,2026-07-16,"XX",1106,"DFW","Dallas/Fort Worth, TX","ORD","Chicago, IL","2110","2110",-3.00,0.00,"2359","2359",-6.00,0.00,,0.00,,,,,,
2026,3,7,16,2,2026-07-16,"XX",1107,"DFW","Dallas/Fort Worth, TX","ORD","Chicago, IL","2117","2117",22.00,1.00,"2359","2359",18.00,0.00,,0.00,18.00,0.00,0.00,0.00,0.00,
2026,3,7,16,2,2026-07-16,"XX",1108,"DFW","Dallas/Fort Worth, TX","ORD","Chicago, IL","2200","2200",-3.00,0.00,"2359","2359",-6.00,0.00,,0.00,,,,,,
2026,3,7,16,2,2026-07-16,"XX",1109,"DFW","Dallas/Fort Worth, TX","ORD","Chicago, IL","2207","2207",-3.00,0.00,"2359","2359",-6.00,0.00,,0.00,,,,,,
2026,3,7,16,2,2026-07-16,"XX",1110,"DFW","Dallas/Fort Worth, TX","ORD","Chicago, IL","2214","2214",-3.00,0.00,"2359","2359",-6.00,0.00,,0.00,,,,,,
2026,3,7,16,2,2026-07-16,"XX",1111,"DFW","Dallas/Fort Worth, TX","ORD","Chicago, IL","2221","2221",-3.00,0.00,"2359","2359",-6.00,0.00,,0.00,,,,,,
2026,3,7,16,2,2026-07-16,"XX",1112,"DFW","Dallas/Fort Worth, TX","ORD","Chicago, IL","2228","2228",-3.00,0.00,"2359","2359",-6.00,0.00,,0.00,,,,,,
2026,3,7,16,2,2026-07-16,"XX",1113,"DFW","Dallas/Fort Worth, TX","ORD","Chicago, IL","2235","2235",-3.00,0.00,"2359","2359",-6.00,0.00,,0.00,,,,,,
2026,3,7,16,2,2026-07-16,"XX",1114,"DFW","Dallas/Fort Worth, TX","ORD","Chicago, IL","2242","2242",-3.00,0.00,"2359","2359",-6.00,0.00,,0.00,,,,,,
2026,3,7,16,2,2026-07-16,"XX",1115,"DFW","Dallas/Fort Worth, TX","ORD","Chicago, IL","2249","2249",-3.00,0.00,"2359","2359",-6.00,0.00,,0.00,,,,,,
2026,3,7,16,2,2026-07-16,"XX",1116,"DFW","Dallas/Fort Worth, TX","ORD","Chicago, IL","2256","2256",-3.00,0.00,"2359","2359",-6.00,0.00,,0.00,,,,,,
2026,3,7,16,2,2026-07-16,"XX",1117,"DFW","Dallas/Fort Worth, TX","ORD","Chicago, IL","2203","2203",-3.00,0.00,"2359","2359",-6.00,0.00,,0.00,,,,,,
2026,3,7,16,2,2026-07-16,"XX",1118,"DFW","Dallas/Fort Worth, TX","ORD","Chicago, IL","2210","2210",-3.00,0.00,"2359","2359",-6.00,0.00,,0.00,,,,,,
2026,3,7,16,2,2026-07-16,"XX",1119,"DFW","Dallas/Fort Worth, TX","ORD","Chicago, IL","2217","2217",-3.00,0.00,"2359","2359",-6.00,0.00,,0.00,,,,,,
2026,3,7,14,2,2026-07-14,"XX",1120,"ORD","Chicago, IL","ORD","Chicago, IL","0600","0600",48.00,1.00,"2359","2359",41.00,0.00,,0.00,0.00,0.00,41.00,0.00,0.00,
2026,3,7,14,2,2026-07-14,"XX",1121,"ORD","Chicago, IL","ORD","Chicago, IL","0607","0607",22.00,1.00,"2359","2359",18.00,0.00,,0.00,18.00,0.00,0.00,0.00,0.00,
2026,3,7,14,2,2026-07-14,"XX",1122,"ORD","Chicago, IL","ORD","Chicago, IL","0700","0700",48.00,1.00,"2359","2359",41.00,0.00,,0.00,0.00,0.00,41.00,0.00,0.00,
2026,3,7,14,2,2026-07-14,"XX",1123,"ORD","Chicago, IL","ORD","Chicago, IL","0707","0707",-3.00,0.00,"2359","2359",-6.00,0.00,,0.00,,,,,,
2026,3,7,14,2,2026-07-14,"XX",1124,"ORD","Chicago, IL","ORD","Chicago, IL","0800","0800",48.00,1.00,"2359","2359",41.00,0.00,,0.00,0.00,0.00,41.00,0.00,0.00,
2026,3,7,14,2,2026-07-14,"XX",1125,"ORD","Chicago, IL","ORD","Chicago, IL","0807","0807",-3.00,0.00,"2359","2359",-6.00,0.00,,0.00,,,,,,
2026,3,7,14,2,2026-07-14,"XX",1126,"ORD","Chicago, IL","ORD","Chicago, IL","0900","0900",48.00,1.00,"2359","2359",41.00,0.00,,0.00,0.00,0.00,41.00,0.00,0.00,
2026,3,7,14,2,2026-07-14,"XX",1127,"ORD","Chicago, IL","ORD","Chicago, IL","0907","0907",22.00,1.00,"2359","2359",18.00,0.00,,0.00,18.00,0.00,0.00,0.00,0.00,
2026,3,7,14,2,2026-07-14,"XX",1128,"ORD","Chicago, IL","ORD","Chicago, IL","1000","1000",48.00,1.00,"2359","2359",41.00,0.00,,0.00,0.00,0.00,41.00,0.00,0.00,
2026,3,7,14,2,2026-07-14,"XX",1129,"ORD","Chicago, IL","ORD","Chicago, IL","1007","1007",-3.00,0.00,"2359","2359",-6.00,0.00,,0.00,,,,,,
2026,3,7,14,2,2026-07-14,"XX",1130,"ORD","Chicago, IL","ORD","Chicago, IL","1100","1100",48.00,1.00,"2359","2359",41.00,0.00,,0.00,0.00,0.00,41.00,0.00,0.00,
2026,3,7,14,2,2026-07-14,"XX",1131,"ORD","Chicago, IL","ORD","Chicago, IL","1107","1107",-3.00,0.00,"2359","2359",-6.00,0.00,,0.00,,,,,,
2026,3,7,14,2,2026-07-14,"XX",1132,"ORD","Chicago, IL","ORD","Chicago, IL","1200","1200",48.00,1.00,"2359","2359",41.00,0.00,,0.00,0.00,0.00,41.00,0.00,0.00,
2026,3,7,14,2,2026-07-14,"XX",1133,"ORD","Chicago, IL","ORD","Chicago, IL","1207","1207",22.00,1.00,"2359","2359",18.00,0.00,,0.00,18.00,0.00,0.00,0.00,0.00,
2026,3,7,14,2,2026-07-14,"XX",1134,"ORD","Chicago, IL","ORD","Chicago, IL","1300","1300",48.00,1.00,"2359","2359",41.00,0.00,,0.00,0.00,0.00,41.00,0.00,0.00,
2026,3,7,14,2,2026-07-14,"XX",1135,"ORD","Chicago, IL","ORD","Chicago, IL","1307","1307",-3.00,0.00,"2359","2359",-6.00,0.00,,0.00,,,,,,
2026,3,7,14,2,2026-07-14,"XX",1136,"ORD","Chicago, IL","ORD","Chicago, IL","1400","1400",48.00,1.00,"2359","2359",41.00,0.00,,0.00,0.00,0.00,41.00,0.00,0.00,
2026,3,7,14,2,2026-07-14,"XX",1137,"ORD","Chicago, IL","ORD","Chicago, IL","1407","1407",-3.00,0.00,"2359","2359",-6.00,0.00,,0.00,,,,,,
2026,3,7,14,2,2026-07-14,"XX",1138,"ORD","Chicago, IL","ORD","Chicago, IL","1500","1500",48.00,1.00,"2359","2359",41.00,0.00,,0.00,0.00,0.00,41.00,0.00,0.00,
2026,3,7,14,2,2026-07-14,"XX",1139,"ORD","Chicago, IL","ORD","Chicago, IL","1507","1507",22.00,1.00,"2359","2359",18.00,0.00,,0.00,18.00,0.00,0.00,0.00,0.00,
2026,3,7,14,2,2026-07-14,"XX",1140,"ORD","Chicago, IL","ORD","Chicago, IL","1600","1600",48.00,1.00,"2359","2359",41.00,0.00,,0.00,0.00,0.00,41.00,0.00,0.00,
2026,3,7,14,2,2026-07-14,"XX",1141,"ORD","Chicago, IL","ORD","Chicago, IL","1607","1607",-3.00,0.00,"2359","2359",-6.00,0.00,,0.00,,,,,,
2026,3,7,14,2,2026-07-14,"XX",1142,"ORD","Chicago, IL","ORD","Chicago, IL","1700","1700",48.00,1.00,"2359","2359",41.00,0.00,,0.00,0.00,0.00,41.00,0.00,0.00,
2026,3,7,14,2,2026-07-14,"XX",1143,"ORD","Chicago, IL","ORD","Chicago, IL","1707","1707",-3.00,0.00,"2359","2359",-6.00,0.00,,0.00,,,,,,
2026,3,7,14,2,2026-07-14,"XX",1144,"ORD","Chicago, IL","ORD","Chicago, IL","1800","1800",48.00,1.00,"2359","2359",41.00,0.00,,0.00,0.00,0.00,41.00,0.00,0.00,
2026,3,7,14,2,2026-07-14,"XX",1145,"ORD","Chicago, IL","ORD","Chicago, IL","1807","1807",22.00,1.00,"2359","2359",18.00,0.00,,0.00,18.00,0.00,0.00,0.00,0.00,
2026,3,7,14,2,2026-07-14,"XX",1146,"ORD","Chicago, IL","ORD","Chicago, IL","1900","1900",48.00,1.00,"2359","2359",41.00,0.00,,0.00,0.00,0.00,41.00,0.00,0.00,
2026,3,7,14,2,2026-07-14,"XX",1147,"ORD","Chicago, IL","ORD","Chicago, IL","1907","1907",-3.00,0.00,"2359","2359",-6.00,0.00,,0.00,,,,,,
2026,3,7,14,2,2026-07-14,"XX",1148,"ORD","Chicago, IL","ORD","Chicago, IL","2000","2000",48.00,1.00,"2359","2359",41.00,0.00,,0.00,0.00,0.00,41.00,0.00,0.00,
2026,3,7,14,2,2026-07-14,"XX",1149,"ORD","Chicago, IL","ORD","Chicago, IL","2007","2007",-3.00,0.00,"2359","2359",-6.00,0.00,,0.00,,,,,,
2026,3,7,14,2,2026-07-14,"XX",1150,"ORD","Chicago, IL","ORD","Chicago, IL","2100","2100",48.00,1.00,"2359","2359",41.00,0.00,,0.00,0.00,0.00,41.00,0.00,0.00,
2026,3,7,14,2,2026-07-14,"XX",1151,"ORD","Chicago, IL","ORD","Chicago, IL","2107","2107",22.00,1.00,"2359","2359",18.00,0.00,,0.00,18.00,0.00,0.00,0.00,0.00,
2026,3,7,14,2,2026-07-14,"XX",1152,"ORD","Chicago, IL","ORD","Chicago, IL","2200","2200",48.00,1.00,"2359","2359",41.00,0.00,,0.00,0.00,0.00,41.00,0.00,0.00,
2026,3,7,14,2,2026-07-14,"XX",1153,"ORD","Chicago, IL","ORD","Chicago, IL","2207","2207",-3.00,0.00,"2359","2359",-6.00,0.00,,0.00,,,,,,
2026,3,7,15,2,2026-07-15,"XX",1154,"ORD","Chicago, IL","ORD","Chicago, IL","0600","0600",48.00,1.00,"2359","2359",41.00,0.00,,0.00,0.00,0.00,41.00,0.00,0.00,
2026,3,7,15,2,2026-07-15,"XX",1155,"ORD","Chicago, IL","ORD","Chicago, IL","0607","0607",22.00,1.00,"2359","2359",18.00,0.00,,0.00,18.00,0.00,0.00,0.00,0.00,
2026,3,7,15,2,2026-07-15,"XX",1156,"ORD","Chicago, IL","ORD","Chicago, IL","0700","0700",48.00,1.00,"2359","2359",41.00,0.00,,0.00,0.00,0.00,41.00,0.00,0.00,
2026,3,7,15,2,2026-07-15,"XX",1157,"ORD","Chicago, IL","ORD","Chicago, IL","0707","0707",-3.00,0.00,"2359","2359",-6.00,0.00,,0.00,,,,,,
2026,3,7,15,2,2026-07-15,"XX",1158,"ORD","Chicago, IL","ORD","Chicago, IL","0800","0800",48.00,1.00,"2359","2359",41.00,0.00,,0.00,0.00,0.00,41.00,0.00,0.00,
2026,3,7,15,2,2026-07-15,"XX",1159,"ORD","Chicago, IL","ORD","Chicago, IL","0807","0807",-3.00,0.00,"2359","2359",-6.00,0.00,,0.00,,,,,,
2026,3,7,15,2,2026-07-15,"XX",1160,"ORD","Chicago, IL","ORD","Chicago, IL","0900","0900",48.00,1.00,"2359","2359",41.00,0.00,,0.00,0.00,0.00,41.00,0.00,0.00,
2026,3,7,15,2,2026-07-15,"XX",1161,"ORD","Chicago, IL","ORD","Chicago, IL","0907","0907",22.00,1.00,"2359","2359",18.00,0.00,,0.00,18.00,0.00,0.00,0.00,0.00,
2026,3,7,15,2,2026-07-15,"XX",1162,"ORD","Chicago, IL","ORD","Chicago, IL","1000","1000",48.00,1.00,"2359","2359",41.00,0.00,,0.00,0.00,0.00,41.00,0.00,0.00,
2026,3,7,15,2,2026-07-15,"XX",1163,"ORD","Chicago, IL","ORD","Chicago, IL","1007","1007",-3.00,0.00,"2359","2359",-6.00,0.00,,0.00,,,,,,
2026,3,7,15,2,2026-07-15,"XX",1164,"ORD","Chicago, IL","ORD","Chicago, IL","1100","1100",48.00,1.00,"2359","2359",41.00,0.00,,0.00,0.00,0.00,41.00,0.00,0.00,
2026,3,7,15,2,2026-07-15,"XX",1165,"ORD","Chicago, IL","ORD","Chicago, IL","1107","1107",-3.00,0.00,"2359","2359",-6.00,0.00,,0.00,,,,,,
2026,3,7,15,2,2026-07-15,"XX",1166,"ORD","Chicago, IL","ORD","Chicago, IL","1200","1200",48.00,1.00,"2359","2359",41.00,0.00,,0.00,0.00,0.00,41.00,0.00,0.00,
2026,3,7,15,2,2026-07-15,"XX",1167,"ORD","Chicago, IL","ORD","Chicago, IL","1207","1207",22.00,1.00,"2359","2359",18.00,0.00,,0.00,18.00,0.00,0.00,0.00,0.00,
2026,3,7,15,2,2026-07-15,"XX",1168,"ORD","Chicago, IL","ORD","Chicago, IL","1300","1300",48.00,1.00,"2359","2359",41.00,0.00,,0.00,0.00,0.00,41.00,0.00,0.00,
2026,3,7,15,2,2026-07-15,"XX",1169,"ORD","Chicago, IL","ORD","Chicago, IL","1307","1307",-3.00,0.00,"2359","2359",-6.00,0.00,,0.00,,,,,,
2026,3,7,15,2,2026-07-15,"XX",1170,"ORD","Chicago, IL","ORD","Chicago, IL","1400","1400",48.00,1.00,"2359","2359",41.00,0.00,,0.00,0.00,0.00,41.00,0.00,0.00,
2026,3,7,15,2,2026-07-15,"XX",1171,"ORD","Chicago, IL","ORD","Chicago, IL","1407","1407",-3.00,0.00,"2359","2359",-6.00,0.00,,0.00,,,,,,
2026,3,7,15,2,2026-07-15,"XX",1172,"ORD","Chicago, IL","ORD","Chicago, IL","1500","1500",48.00,1.00,"2359","2359",41.00,0.00,,0.00,0.00,0.00,41.00,0.00,0.00,
2026,3,7,15,2,2026-07-15,"XX",1173,"ORD","Chicago, IL","ORD","Chicago, IL","1507","1507",22.00,1.00,"2359","2359",18.00,0.00,,0.00,18.00,0.00,0.00,0.00,0.00,
2026,3,7,15,2,2026-07-15,"XX",1174,"ORD","Chicago, IL","ORD","Chicago, IL","1600","1600",48.00,1.00,"2359","2359",41.00,0.00,,0.00,0.00,0.00,41.00,0.00,0.00,
2026,3,7,15,2,2026-07-15,"XX",1175,"ORD","Chicago, IL","ORD","Chicago, IL","1607","1607",-3.00,0.00,"2359","2359",-6.00,0.00,,0.00,,,,,,
2026,3,7,15,2,2026-07-15,"XX",1176,"ORD","Chicago, IL","ORD","Chicago, IL","1700","1700",48.00,1.00,"2359","2359",41.00,0.00,,0.00,0.00,0.00,41.00,0.00,0.00,
2026,3,7,15,2,2026-07-15,"XX",1177,"ORD","Chicago, IL","ORD","Chicago, IL","1707","1707",-3.00,0.00,"2359","2359",-6.00,0.00,,0.00,,,,,,
2026,3,7,15,2,2026-07-15,"XX",1178,"ORD","Chicago, IL","ORD","Chicago, IL","1800","1800",48.00,1.00,"2359","2359",41.00,0.00,,0.00,0.00,0.00,41.00,0.00,0.00,
2026,3,7,15,2,2026-07-15,"XX",1179,"ORD","Chicago, IL","ORD","Chicago, IL","1807","1807",22.00,1.00,"2359","2359",18.00,0.00,,0.00,18.00,0.00,0.00,0.00,0.00,
2026,3,7,15,2,2026-07-15,"XX",1180,"ORD","Chicago, IL","ORD","Chicago, IL","1900","1900",48.00,1.00,"2359","2359",41.00,0.00,,0.00,0.00,0.00,41.00,0.00,0.00,
2026,3,7,15,2,2026-07-15,"XX",1181,"ORD","Chicago, IL","ORD","Chicago, IL","1907","1907",-3.00,0.00,"2359","2359",-6.00,0.00,,0.00,,,,,,
2026,3,7,15,2,2026-07-15,"XX",1182,"ORD","Chicago, IL","ORD","Chicago, IL","2000","2000",48.00,1.00,"2359","2359",41.00,0.00,,0.00,0.00,0.00,41.00,0.00,0.00,
2026,3,7,15,2,2026-07-15,"XX",1183,"ORD","Chicago, IL","ORD","Chicago, IL","2007","2007",-3.00,0.00,"2359","2359",-6.00,0.00,,0.00,,,,,,
2026,3,7,15,2,2026-07-15,"XX",1184,"ORD","Chicago, IL","ORD","Chicago, IL","2100","2100",48.00,1.00,"2359","2359",41.00,0.00,,0.00,0.00,0.00,41.00,0.00,0.00,
2026,3,7,15,2,2026-07-15,"XX",1185,"ORD","Chicago, IL","ORD","Chicago, IL","2107","2107",22.00,1.00,"2359","2359",18.00,0.00,,0.00,18.00,0.00,0.00,0.00,0.00,
2026,3,7,15,2,2026-07-15,"XX",1186,"ORD","Chicago, IL","ORD","Chicago, IL","2200","2200",48.00,1.00,"2359","2359",41.00,0.00,,0.00,0.00,0.00,41.00,0.00,0.00,
2026,3,7,15,2,2026-07-15,"XX",1187,"ORD","Chicago, IL","ORD","Chicago, IL","2207","2207",-3.00,0.00,"2359","2359",-6.00,0.00,,0.00,,,,,,
2026,3,7,16,2,2026-07-16,"XX",1188,"ORD","Chicago, IL","ORD","Chicago, IL","0600","0600",48.00,1.00,"2359","2359",41.00,0.00,,0.00,0.00,0.00,41.00,0.00,0.00,
2026,3,7,16,2,2026-07-16,"XX",1189,"ORD","Chicago, IL","ORD","Chicago, IL","0607","0607",22.00,1.00,"2359","2359",18.00,0.00,,0.00,18.00,0.00,0.00,0.00,0.00,
2026,3,7,16,2,2026-07-16,"XX",1190,"ORD","Chicago, IL","ORD","Chicago, IL","0700","0700",48.00,1.00,"2359","2359",41.00,0.00,,0.00,0.00,0.00,41.00,0.00,0.00,
2026,3,7,16,2,2026-07-16,"XX",1191,"ORD","Chicago, IL","ORD","Chicago, IL","0707","0707",-3.00,0.00,"2359","2359",-6.00,0.00,,0.00,,,,,,
2026,3,7,16,2,2026-07-16,"XX",1192,"ORD","Chicago, IL","ORD","Chicago, IL","0800","0800",48.00,1.00,"2359","2359",41.00,0.00,,0.00,0.00,0.00,41.00,0.00,0.00,
2026,3,7,16,2,2026-07-16,"XX",1193,"ORD","Chicago, IL","ORD","Chicago, IL","0807","0807",-3.00,0.00,"2359","2359",-6.00,0.00,,0.00,,,,,,
2026,3,7,16,2,2026-07-16,"XX",1194,"ORD","Chicago, IL","ORD","Chicago, IL","0900","0900",48.00,1.00,"2359","2359",41.00,0.00,,0.00,0.00,0.00,41.00,0.00,0.00,
2026,3,7,16,2,2026-07-16,"XX",1195,"ORD","Chicago, IL","ORD","Chicago, IL","0907","0907",22.00,1.00,"2359","2359",18.00,0.00,,0.00,18.00,0.00,0.00,0.00,0.00,
2026,3,7,16,2,2026-07-16,"XX",1196,"ORD","Chicago, IL","ORD","Chicago, IL","1000","1000",48.00,1.00,"2359","2359",41.00,0.00,,0.00,0.00,0.00,41.00,0.00,0.00,
2026,3,7,16,2,2026-07-16,"XX",1197,"ORD","Chicago, IL","ORD","Chicago, IL","1007","1007",-3.00,0.00,"2359","2359",-6.00,0.00,,0.00,,,,,,
2026,3,7,16,2,2026-07-16,"XX",1198,"ORD","Chicago, IL","ORD","Chicago, IL","1100","1100",48.00,1.00,"2359","2359",41.00,0.00,,0.00,0.00,0.00,41.00,0.00,0.00,
2026,3,7,16,2,2026-07-16,"XX",1199,"ORD","Chicago, IL","ORD","Chicago, IL","1107","1107",-3.00,0.00,"2359","2359",-6.00,0.00,,0.00,,,,,,
2026,3,7,16,2,2026-07-16,"XX",1200,"ORD","Chicago, IL","ORD","Chicago, IL","1200","1200",48.00,1.00,"2359","2359",41.00,0.00,,0.00,0.00,0.00,41.00,0.00,0.00,
2026,3,7,16,2,2026-07-16,"XX",1201,"ORD","Chicago, IL","ORD","Chicago, IL","1207","1207",22.00,1.00,"2359","2359",18.00,0.00,,0.00,18.00,0.00,0.00,0.00,0.00,
2026,3,7,16,2,2026-07-16,"XX",1202,"ORD","Chicago, IL","ORD","Chicago, IL","1300","1300",48.00,1.00,"2359","2359",41.00,0.00,,0.00,0.00,0.00,41.00,0.00,0.00,
2026,3,7,16,2,2026-07-16,"XX",1203,"ORD","Chicago, IL","ORD","Chicago, IL","1307","1307",-3.00,0.00,"2359","2359",-6.00,0.00,,0.00,,,,,,
2026,3,7,16,2,2026-07-16,"XX",1204,"ORD","Chicago, IL","ORD","Chicago, IL","1400","1400",48.00,1.00,"2359","2359",41.00,0.00,,0.00,0.00,0.00,41.00,0.00,0.00,
2026,3,7,16,2,2026-07-16,"XX",1205,"ORD","Chicago, IL","ORD","Chicago, IL","1407","1407",-3.00,0.00,"2359","2359",-6.00,0.00,,0.00,,,,,,
2026,3,7,16,2,2026-07-16,"XX",1206,"ORD","Chicago, IL","ORD","Chicago, IL","1500","1500",48.00,1.00,"2359","2359",41.00,0.00,,0.00,0.00,0.00,41.00,0.00,0.00,
2026,3,7,16,2,2026-07-16,"XX",1207,"ORD","Chicago, IL","ORD","Chicago, IL","1507","1507",22.00,1.00,"2359","2359",18.00,0.00,,0.00,18.00,0.00,0.00,0.00,0.00,
2026,3,7,16,2,2026-07-16,"XX",1208,"ORD","Chicago, IL","ORD","Chicago, IL","1600","1600",48.00,1.00,"2359","2359",41.00,0.00,,0.00,0.00,0.00,41.00,0.00,0.00,
2026,3,7,16,2,2026-07-16,"XX",1209,"ORD","Chicago, IL","ORD","Chicago, IL","1607","1607",-3.00,0.00,"2359","2359",-6.00,0.00,,0.00,,,,,,
2026,3,7,16,2,2026-07-16,"XX",1210,"ORD","Chicago, IL","ORD","Chicago, IL","1700","1700",48.00,1.00,"2359","2359",41.00,0.00,,0.00,0.00,0.00,41.00,0.00,0.00,
2026,3,7,16,2,2026-07-16,"XX",1211,"ORD","Chicago, IL","ORD","Chicago, IL","1707","1707",-3.00,0.00,"2359","2359",-6.00,0.00,,0.00,,,,,,
2026,3,7,16,2,2026-07-16,"XX",1212,"ORD","Chicago, IL","ORD","Chicago, IL","1800","1800",48.00,1.00,"2359","2359",41.00,0.00,,0.00,0.00,0.00,41.00,0.00,0.00,
2026,3,7,16,2,2026-07-16,"XX",1213,"ORD","Chicago, IL","ORD","Chicago, IL","1807","1807",22.00,1.00,"2359","2359",18.00,0.00,,0.00,18.00,0.00,0.00,0.00,0.00,
2026,3,7,16,2,2026-07-16,"XX",1214,"ORD","Chicago, IL","ORD","Chicago, IL","1900","1900",48.00,1.00,"2359","2359",41.00,0.00,,0.00,0.00,0.00,41.00,0.00,0.00,
2026,3,7,16,2,2026-07-16,"XX",1215,"ORD","Chicago, IL","ORD","Chicago, IL","1907","1907",-3.00,0.00,"2359","2359",-6.00,0.00,,0.00,,,,,,
2026,3,7,16,2,2026-07-16,"XX",1216,"ORD","Chicago, IL","ORD","Chicago, IL","2000","2000",48.00,1.00,"2359","2359",41.00,0.00,,0.00,0.00,0.00,41.00,0.00,0.00,
2026,3,7,16,2,2026-07-16,"XX",1217,"ORD","Chicago, IL","ORD","Chicago, IL","2007","2007",-3.00,0.00,"2359","2359",-6.00,0.00,,0.00,,,,,,
2026,3,7,16,2,2026-07-16,"XX",1218,"ORD","Chicago, IL","ORD","Chicago, IL","2100","2100",48.00,1.00,"2359","2359",41.00,0.00,,0.00,0.00,0.00,41.00,0.00,0.00,
2026,3,7,16,2,2026-07-16,"XX",1219,"ORD","Chicago, IL","ORD","Chicago, IL","2107","2107",22.00,1.00,"2359","2359",18.00,0.00,,0.00,18.00,0.00,0.00,0.00,0.00,
2026,3,7,16,2,2026-07-16,"XX",1220,"ORD","Chicago, IL","ORD","Chicago, IL","2200","2200",48.00,1.00,"2359","2359",41.00,0.00,,0.00,0.00,0.00,41.00,0.00,0.00,
2026,3,7,16,2,2026-07-16,"XX",1221,"ORD","Chicago, IL","ORD","Chicago, IL","2207","2207",-3.00,0.00,"2359","2359",-6.00,0.00,,0.00,,,,,,
